Workbook

Sheet Equipment
A1: Equipment and measurement uncertainties
A3: Instruments
A4: Instrument | B4: Role / Channel | C4: Model | D4: Serial no. | E4: Ratio / Range | F4: Uncertainty (±%) | G4: Last calibration
A5: High-voltage probe | B5: CH1 — secondary
A6: Current probe | B6: CH2 — secondary
A7: Voltage probe | B7: CH3 — primary
A8: Oscilloscope | B8: Power analysis / FFT
A9: FLIR thermal camera | B9: T_transformer
A10: Thermocouple + multimeter | B10: T_heatsink
A11: Power supply (buck) | B11: V_buck / I_primary
A12: HV transformer | B12: Voltage step-up
A13: DBD reactor | B13: Load (gap, dielectric)
A15: Uncertainty parameters (used by Data_consolidated)
A16: u(V_secondary) ±% | B16: 3
A17: u(I_secondary) ±% | B17: 5
A18: u(P_input) ±% | B18: 5
A19: u(P_real) ±% | B19: 6

Sheet Exp 1 - Probe_Characterization
A1: Exp 1 - Probe characterization (open circuit)
A2: CONDITIONS | I2: PRIMARY | N2: HV SECONDARY | R2: POWER | AA2: SIGNAL QUALITY | AM2: PHYSICAL STATE | AQ2: TRACEABILITY
A3: Block | B3: Step | C3: Mode | D3: Turns/branch | E3: Frequency (kHz) | F3: Burst Frequency (kHz) | G3: DutyCycle (%) | H3: V_Buck setpoint (V) | I3: V_Buck_Average (V) | J3: V_Buck_Ripple (mV) | K3: Relative_Ripple (%) | L3: I_primary (A) | M3: P_input (W) | N3: V_secondary_pp (kV) | O3: V_secondary_RMS (kV) | P3: I_sec_RMS (mA) | Q3: Load_Impedance (Ohm) | R3: VxI_RMS (W) | S3: Apparent Power (VA) | T3: Phase Angle° | U3: Power factor | V3: Real Power(W) | W3: Loss fraction (1-η) | X3: Real Power_scope (W) | Y3: Power Factor_scope | Z3: cos(φ) vs scope deviation (%) | AA3: THD (%) | AB3: Waveform | AC3: V1 (Vrms) | AD3: V2 | AE3: V3 | AF3: V4 | AG3: V5 | AH3: V6 | AI3: V7 | AJ3: V8 | AK3: V9 | AL3: V10 | AM3: T_MOSFET (°C) | AN3: Stability | AO3: Plasma state | AP3: Ignition threshold? | AQ3: Photo | AR3: Observations
A4: BLOCK 1 — Probe load (open circuit) · V-sweep · 20 kHz · DC 100% · SQUARE (10 steps)
A5: BLOCK 1 | B5: 1 | C5: SQUARE | E5: 20 | G5: 100 | H5: 1 | I5: 0.988 | J5: 87 | K5: =IF(COUNT(J5,I5)=0,"",IFERROR(J5/1000/I5,"")) -> 0.08805668 | L5: 0.38 | M5: =IF(COUNT(H5,L5)=0,"",IFERROR(H5*L5,"")) -> 0.38 | N5: 1.68 | O5: 0.549 | P5: 0.661 | Q5: =IF(COUNT(O5,P5)=0,"",IFERROR(O5*1000/P5*1000,"")) -> 830559.76 | S5: =IF(COUNT(O5,P5)=0,"",IFERROR(O5*P5,"")) -> 0.362889 | T5: 72.9 | U5: =IF(COUNT(T5)=0,"",IFERROR(COS(T5/180*PI()),"")) -> 0.29404033 | V5: =IF(COUNT(S5,T5)=0,"",IFERROR(S5*COS(T5/360*2*3.14),"")) -> 0.1069277 | W5: =IF(COUNT(V5,M5)=0,"",IFERROR(1-V5/M5,"")) -> 0.71861131 | Z5: =IFERROR(IF(OR(V5="",X5="",X5=0),"",(V5-X5)/X5*100),"") | AA5: =IF(COUNT(AD5,AE5,AF5,AG5,AH5,AI5,AJ5,AK5,AL5,AC5)=0,"",IFERROR(SQRT(AD5^2+AE5^2+AF5^2+AG5^2+AH5^2+AI5^2+AJ5^2+AK5^2+AL5^2)/AC5,"")) -> 0.11278756 | AC5: 527 | AD5: 44 | AE5: 36 | AF5: 12 | AG5: 11 | AH5: 6 | AM5: 26
A6: BLOCK 1 | B6: 2 | C6: SQUARE | E6: 20 | G6: 100 | H6: 2 | I6: 2 | J6: 128 | K6: =IF(COUNT(J6,I6)=0,"",IFERROR(J6/1000/I6,"")) -> 0.064 | L6: 0.55 | M6: =IF(COUNT(H6,L6)=0,"",IFERROR(H6*L6,"")) -> 1.1 | N6: 2.43 | O6: 0.757 | P6: 0.912 | Q6: =IF(COUNT(O6,P6)=0,"",IFERROR(O6*1000/P6*1000,"")) -> 830043.86 | S6: =IF(COUNT(O6,P6)=0,"",IFERROR(O6*P6,"")) -> 0.690384 | T6: 73.9 | U6: =IF(COUNT(T6)=0,"",IFERROR(COS(T6/180*PI()),"")) -> 0.27731465 | V6: =IF(COUNT(S6,T6)=0,"",IFERROR(S6*COS(T6/360*2*3.14),"")) -> 0.19188728 | W6: =IF(COUNT(V6,M6)=0,"",IFERROR(1-V6/M6,"")) -> 0.82555702 | Z6: =IFERROR(IF(OR(V6="",X6="",X6=0),"",(V6-X6)/X6*100),"") | AA6: =IF(COUNT(AD6,AE6,AF6,AG6,AH6,AI6,AJ6,AK6,AL6,AC6)=0,"",IFERROR(SQRT(AD6^2+AE6^2+AF6^2+AG6^2+AH6^2+AI6^2+AJ6^2+AK6^2+AL6^2)/AC6,"")) -> 0.10703822 | AC6: 723 | AD6: 60 | AE6: 42 | AF6: 20 | AG6: 12 | AH6: 9 | AM6: 30
A7: BLOCK 1 | B7: 3 | C7: SQUARE | E7: 20 | G7: 100 | H7: 3 | I7: 2.99 | J7: 132 | K7: =IF(COUNT(J7,I7)=0,"",IFERROR(J7/1000/I7,"")) -> 0.044147157 | L7: 0.75 | M7: =IF(COUNT(H7,L7)=0,"",IFERROR(H7*L7,"")) -> 2.25 | N7: 3.38 | O7: 1.08 | P7: 1.32 | Q7: =IF(COUNT(O7,P7)=0,"",IFERROR(O7*1000/P7*1000,"")) -> 818181.82 | S7: =IF(COUNT(O7,P7)=0,"",IFERROR(O7*P7,"")) -> 1.4256 | T7: 73.5 | U7: =IF(COUNT(T7)=0,"",IFERROR(COS(T7/180*PI()),"")) -> 0.28401534 | V7: =IF(COUNT(S7,T7)=0,"",IFERROR(S7*COS(T7/360*2*3.14),"")) -> 0.40578113 | W7: =IF(COUNT(V7,M7)=0,"",IFERROR(1-V7/M7,"")) -> 0.81965283 | Z7: =IFERROR(IF(OR(V7="",X7="",X7=0),"",(V7-X7)/X7*100),"") | AA7: =IF(COUNT(AD7,AE7,AF7,AG7,AH7,AI7,AJ7,AK7,AL7,AC7)=0,"",IFERROR(SQRT(AD7^2+AE7^2+AF7^2+AG7^2+AH7^2+AI7^2+AJ7^2+AK7^2+AL7^2)/AC7,"")) -> 0.13592899 | AC7: 1031 | AD7: 101 | AE7: 89 | AF7: 30 | AG7: 18 | AH7: 13 | AI7: 8 | AJ7: 6 | AK7: 5 | AM7: 35
A8: BLOCK 1 | B8: 4 | C8: SQUARE | E8: 20 | G8: 100 | H8: 4 | I8: 3.97 | J8: 406 | K8: =IF(COUNT(J8,I8)=0,"",IFERROR(J8/1000/I8,"")) -> 0.102267 | L8: 1.69 | M8: =IF(COUNT(H8,L8)=0,"",IFERROR(H8*L8,"")) -> 6.76 | N8: 8.15 | O8: 2.69 | P8: 3.25 | Q8: =IF(COUNT(O8,P8)=0,"",IFERROR(O8*1000/P8*1000,"")) -> 827692.31 | S8: =IF(COUNT(O8,P8)=0,"",IFERROR(O8*P8,"")) -> 8.7425 | T8: 74.4 | U8: =IF(COUNT(T8)=0,"",IFERROR(COS(T8/180*PI()),"")) -> 0.26891982 | V8: =IF(COUNT(S8,T8)=0,"",IFERROR(S8*COS(T8/360*2*3.14),"")) -> 2.3565742 | W8: =IF(COUNT(V8,M8)=0,"",IFERROR(1-V8/M8,"")) -> 0.65139435 | Z8: =IFERROR(IF(OR(V8="",X8="",X8=0),"",(V8-X8)/X8*100),"") | AA8: =IF(COUNT(AD8,AE8,AF8,AG8,AH8,AI8,AJ8,AK8,AL8,AC8)=0,"",IFERROR(SQRT(AD8^2+AE8^2+AF8^2+AG8^2+AH8^2+AI8^2+AJ8^2+AK8^2+AL8^2)/AC8,"")) -> 0.12712097 | AC8: 2515 | AD8: 225 | AE8: 187 | AF8: 100 | AG8: 60 | AH8: 39 | AI8: 29 | AJ8: 17 | AK8: 15 | AL8: 12 | AM8: 47
A9: BLOCK 1 | B9: 5 | C9: SQUARE | E9: 20 | G9: 100 | H9: 5 | I9: 4.85 | J9: 496 | K9: =IF(COUNT(J9,I9)=0,"",IFERROR(J9/1000/I9,"")) -> 0.10226804 | L9: 2.16 | M9: =IF(COUNT(H9,L9)=0,"",IFERROR(H9*L9,"")) -> 10.8 | N9: 11.45 | O9: 4.06 | P9: 4.78 | Q9: =IF(COUNT(O9,P9)=0,"",IFERROR(O9*1000/P9*1000,"")) -> 849372.38 | S9: =IF(COUNT(O9,P9)=0,"",IFERROR(O9*P9,"")) -> 19.4068 | T9: 73.7 | U9: =IF(COUNT(T9)=0,"",IFERROR(COS(T9/180*PI()),"")) -> 0.28066671 | V9: =IF(COUNT(S9,T9)=0,"",IFERROR(S9*COS(T9/360*2*3.14),"")) -> 5.4589881 | W9: =IF(COUNT(V9,M9)=0,"",IFERROR(1-V9/M9,"")) -> 0.49453814 | Z9: =IFERROR(IF(OR(V9="",X9="",X9=0),"",(V9-X9)/X9*100),"") | AA9: =IF(COUNT(AD9,AE9,AF9,AG9,AH9,AI9,AJ9,AK9,AL9,AC9)=0,"",IFERROR(SQRT(AD9^2+AE9^2+AF9^2+AG9^2+AH9^2+AI9^2+AJ9^2+AK9^2+AL9^2)/AC9,"")) -> 0.091097888 | AC9: 3825 | AD9: 307 | AE9: 138 | AF9: 70 | AG9: 44 | AH9: 28 | AI9: 14 | AJ9: 12 | AK9: 10 | AL9: 8 | AM9: 52
A10: BLOCK 1 | B10: 6 | C10: SQUARE | E10: 20 | G10: 100 | H10: 6 | I10: 5.86 | J10: 685 | K10: =IF(COUNT(J10,I10)=0,"",IFERROR(J10/1000/I10,"")) -> 0.1168942 | L10: 2.23 | M10: =IF(COUNT(H10,L10)=0,"",IFERROR(H10*L10,"")) -> 13.38 | N10: 14.45 | O10: 5.14 | P10: 5.97 | Q10: =IF(COUNT(O10,P10)=0,"",IFERROR(O10*1000/P10*1000,"")) -> 860971.52 | S10: =IF(COUNT(O10,P10)=0,"",IFERROR(O10*P10,"")) -> 30.6858 | T10: 72.8 | U10: =IF(COUNT(T10)=0,"",IFERROR(COS(T10/180*PI()),"")) -> 0.29570805 | V10: =IF(COUNT(S10,T10)=0,"",IFERROR(S10*COS(T10/360*2*3.14),"")) -> 9.0929182 | W10: =IF(COUNT(V10,M10)=0,"",IFERROR(1-V10/M10,"")) -> 0.3204097 | Z10: =IFERROR(IF(OR(V10="",X10="",X10=0),"",(V10-X10)/X10*100),"") | AA10: =IF(COUNT(AD10,AE10,AF10,AG10,AH10,AI10,AJ10,AK10,AL10,AC10)=0,"",IFERROR(SQRT(AD10^2+AE10^2+AF10^2+AG10^2+AH10^2+AI10^2+AJ10^2+AK10^2+AL10^2)/AC10,"")) -> 0.082528204 | AC10: 4855 | AD10: 312 | AE10: 210 | AF10: 89 | AG10: 82 | AH10: 45 | AI10: 36 | AJ10: 25 | AK10: 19 | AL10: 12 | AM10: 52
A11: BLOCK 1 | B11: 7 | C11: SQUARE | E11: 20 | G11: 100 | H11: 7 | I11: 6.68 | J11: 778 | K11: =IF(COUNT(J11,I11)=0,"",IFERROR(J11/1000/I11,"")) -> 0.11646707 | L11: 2.29 | M11: =IF(COUNT(H11,L11)=0,"",IFERROR(H11*L11,"")) -> 16.03 | N11: 16.44 | O11: 5.91 | P11: 6.97 | Q11: =IF(COUNT(O11,P11)=0,"",IFERROR(O11*1000/P11*1000,"")) -> 847919.66 | S11: =IF(COUNT(O11,P11)=0,"",IFERROR(O11*P11,"")) -> 41.1927 | T11: 72.5 | U11: =IF(COUNT(T11)=0,"",IFERROR(COS(T11/180*PI()),"")) -> 0.3007058 | V11: =IF(COUNT(S11,T11)=0,"",IFERROR(S11*COS(T11/360*2*3.14),"")) -> 12.412083 | W11: =IF(COUNT(V11,M11)=0,"",IFERROR(1-V11/M11,"")) -> 0.22569665 | Z11: =IFERROR(IF(OR(V11="",X11="",X11=0),"",(V11-X11)/X11*100),"") | AA11: =IF(COUNT(AD11,AE11,AF11,AG11,AH11,AI11,AJ11,AK11,AL11,AC11)=0,"",IFERROR(SQRT(AD11^2+AE11^2+AF11^2+AG11^2+AH11^2+AI11^2+AJ11^2+AK11^2+AL11^2)/AC11,"")) -> 0.091291697 | AC11: 5558 | AD11: 356 | AE11: 311 | AF11: 134 | AG11: 107 | AH11: 49 | AI11: 35 | AJ11: 22 | AK11: 19 | AL11: 11 | AM11: 52
A12: BLOCK 1 | B12: 8 | C12: SQUARE | E12: 20 | G12: 100 | H12: 8 | I12: 7.67 | J12: 877 | K12: =IF(COUNT(J12,I12)=0,"",IFERROR(J12/1000/I12,"")) -> 0.11434159 | L12: 2.4 | M12: =IF(COUNT(H12,L12)=0,"",IFERROR(H12*L12,"")) -> 19.2 | N12: 19.22 | O12: 6.86 | P12: 8.27 | Q12: =IF(COUNT(O12,P12)=0,"",IFERROR(O12*1000/P12*1000,"")) -> 829504.23 | S12: =IF(COUNT(O12,P12)=0,"",IFERROR(O12*P12,"")) -> 56.7322 | T12: 72.2 | U12: =IF(COUNT(T12)=0,"",IFERROR(COS(T12/180*PI()),"")) -> 0.3056953 | V12: =IF(COUNT(S12,T12)=0,"",IFERROR(S12*COS(T12/360*2*3.14),"")) -> 17.377271 | W12: =IF(COUNT(V12,M12)=0,"",IFERROR(1-V12/M12,"")) -> 0.094933803 | Z12: =IFERROR(IF(OR(V12="",X12="",X12=0),"",(V12-X12)/X12*100),"") | AA12: =IF(COUNT(AD12,AE12,AF12,AG12,AH12,AI12,AJ12,AK12,AL12,AC12)=0,"",IFERROR(SQRT(AD12^2+AE12^2+AF12^2+AG12^2+AH12^2+AI12^2+AJ12^2+AK12^2+AL12^2)/AC12,"")) -> 0.09463479 | AC12: 6504 | AD12: 409 | AE12: 358 | AF12: 240 | AG12: 136 | AH12: 60 | AI12: 48 | AJ12: 26 | AK12: 23 | AL12: 14 | AM12: 52
A13: BLOCK 1 | B13: 9 | C13: SQUARE | E13: 20 | G13: 100 | H13: 9 | I13: 8.74 | J13: 937 | K13: =IF(COUNT(J13,I13)=0,"",IFERROR(J13/1000/I13,"")) -> 0.10720824 | L13: 2.58 | M13: =IF(COUNT(H13,L13)=0,"",IFERROR(H13*L13,"")) -> 23.22 | N13: 22.54 | O13: 8.04 | P13: 9.78 | Q13: =IF(COUNT(O13,P13)=0,"",IFERROR(O13*1000/P13*1000,"")) -> 822085.89 | S13: =IF(COUNT(O13,P13)=0,"",IFERROR(O13*P13,"")) -> 78.6312 | T13: 73.1 | U13: =IF(COUNT(T13)=0,"",IFERROR(COS(T13/180*PI()),"")) -> 0.29070219 | V13: =IF(COUNT(S13,T13)=0,"",IFERROR(S13*COS(T13/360*2*3.14),"")) -> 22.906919 | W13: =IF(COUNT(V13,M13)=0,"",IFERROR(1-V13/M13,"")) -> 0.013483231 | Z13: =IFERROR(IF(OR(V13="",X13="",X13=0),"",(V13-X13)/X13*100),"") | AA13: =IF(COUNT(AD13,AE13,AF13,AG13,AH13,AI13,AJ13,AK13,AL13,AC13)=0,"",IFERROR(SQRT(AD13^2+AE13^2+AF13^2+AG13^2+AH13^2+AI13^2+AJ13^2+AK13^2+AL13^2)/AC13,"")) -> 0.088795344 | AC13: 7596 | AD13: 384 | AE13: 377 | AF13: 359 | AG13: 167 | AH13: 70 | AI13: 50 | AJ13: 24 | AK13: 22 | AL13: 11 | AM13: 52
A14: BLOCK 1 | B14: 10 | C14: SQUARE | E14: 20 | G14: 100 | H14: 10 | I14: 9.78 | J14: 1017 | K14: =IF(COUNT(J14,I14)=0,"",IFERROR(J14/1000/I14,"")) -> 0.10398773 | L14: 2.88 | M14: =IF(COUNT(H14,L14)=0,"",IFERROR(H14*L14,"")) -> 28.8 | N14: 25.65 | O14: 9.15 | P14: 11.37 | Q14: =IF(COUNT(O14,P14)=0,"",IFERROR(O14*1000/P14*1000,"")) -> 804749.34 | S14: =IF(COUNT(O14,P14)=0,"",IFERROR(O14*P14,"")) -> 104.0355 | T14: 73.9 | U14: =IF(COUNT(T14)=0,"",IFERROR(COS(T14/180*PI()),"")) -> 0.27731465 | V14: =IF(COUNT(S14,T14)=0,"",IFERROR(S14*COS(T14/360*2*3.14),"")) -> 28.91592 | W14: =IF(COUNT(V14,M14)=0,"",IFERROR(1-V14/M14,"")) -> -0.0040250134 | Z14: =IFERROR(IF(OR(V14="",X14="",X14=0),"",(V14-X14)/X14*100),"") | AA14: =IF(COUNT(AD14,AE14,AF14,AG14,AH14,AI14,AJ14,AK14,AL14,AC14)=0,"",IFERROR(SQRT(AD14^2+AE14^2+AF14^2+AG14^2+AH14^2+AI14^2+AJ14^2+AK14^2+AL14^2)/AC14,"")) -> 0.083679384 | AC14: 8582 | AD14: 451 | AE14: 393 | AF14: 335 | AG14: 188 | AH14: 78 | AI14: 54 | AJ14: 24 | AK14: 23 | AL14: 14 | AM14: 52
A15: BLOCK 2 — Probe load (open circuit) · V-sweep · 10 kHz · DC 100% · SQUARE — MOSFET failure at step 11
A16: BLOCK 2 | B16: 1 | C16: SQUARE | E16: 10 | G16: 100 | H16: 1 | I16: 0.995 | J16: 155 | K16: =IF(COUNT(J16,I16)=0,"",IFERROR(J16/1000/I16,"")) -> 0.15577889 | L16: 0.12 | M16: =IF(COUNT(H16,L16)=0,"",IFERROR(H16*L16,"")) -> 0.12 | N16: 2.08 | O16: 0.695 | P16: 0.417 | Q16: =IF(COUNT(O16,P16)=0,"",IFERROR(O16*1000/P16*1000,"")) -> 1666666.7 | S16: =IF(COUNT(O16,P16)=0,"",IFERROR(O16*P16,"")) -> 0.289815 | T16: 73.5 | U16: =IF(COUNT(T16)=0,"",IFERROR(COS(T16/180*PI()),"")) -> 0.28401534 | V16: =IF(COUNT(S16,T16)=0,"",IFERROR(S16*COS(T16/360*2*3.14),"")) -> 0.082492605 | W16: =IF(COUNT(V16,M16)=0,"",IFERROR(1-V16/M16,"")) -> 0.31256163 | Z16: =IFERROR(IF(OR(V16="",X16="",X16=0),"",(V16-X16)/X16*100),"") | AA16: =IF(COUNT(AD16,AE16,AF16,AG16,AH16,AI16,AJ16,AK16,AL16,AC16)=0,"",IFERROR(SQRT(AD16^2+AE16^2+AF16^2+AG16^2+AH16^2+AI16^2+AJ16^2+AK16^2+AL16^2)/AC16,"")) -> 0.33204857 | AC16: 657 | AD16: 191 | AE16: 100 | AF16: 26 | AG16: 13 | AH16: 11 | AI16: 9 | AJ16: 8 | AM16: 25 | AR16: Distorted sine
A17: BLOCK 2 | B17: 2 | C17: SQUARE | E17: 10 | G17: 100 | H17: 2 | I17: 1.999 | J17: 195 | K17: =IF(COUNT(J17,I17)=0,"",IFERROR(J17/1000/I17,"")) -> 0.097548774 | L17: 0.17 | M17: =IF(COUNT(H17,L17)=0,"",IFERROR(H17*L17,"")) -> 0.34 | N17: 3.81 | O17: 1.31 | P17: 0.575 | Q17: =IF(COUNT(O17,P17)=0,"",IFERROR(O17*1000/P17*1000,"")) -> 2278260.9 | S17: =IF(COUNT(O17,P17)=0,"",IFERROR(O17*P17,"")) -> 0.75325 | T17: 67.9 | U17: =IF(COUNT(T17)=0,"",IFERROR(COS(T17/180*PI()),"")) -> 0.37622426 | V17: =IF(COUNT(S17,T17)=0,"",IFERROR(S17*COS(T17/360*2*3.14),"")) -> 0.28381017 | W17: =IF(COUNT(V17,M17)=0,"",IFERROR(1-V17/M17,"")) -> 0.16526421 | Z17: =IFERROR(IF(OR(V17="",X17="",X17=0),"",(V17-X17)/X17*100),"") | AA17: =IF(COUNT(AD17,AE17,AF17,AG17,AH17,AI17,AJ17,AK17,AL17,AC17)=0,"",IFERROR(SQRT(AD17^2+AE17^2+AF17^2+AG17^2+AH17^2+AI17^2+AJ17^2+AK17^2+AL17^2)/AC17,"")) -> 0.19774221 | AC17: 1288 | AD17: 226 | AE17: 100 | AF17: 43 | AG17: 37 | AH17: 16 | AI17: 12 | AJ17: 10 | AK17: 7 | AL17: 5 | AM17: 25
A18: BLOCK 2 | B18: 3 | C18: SQUARE | E18: 10 | G18: 100 | H18: 3 | I18: 2.98 | J18: 203 | K18: =IF(COUNT(J18,I18)=0,"",IFERROR(J18/1000/I18,"")) -> 0.068120805 | L18: 0.27 | M18: =IF(COUNT(H18,L18)=0,"",IFERROR(H18*L18,"")) -> 0.81 | N18: 5.36 | O18: 1.909 | P18: 0.696 | Q18: =IF(COUNT(O18,P18)=0,"",IFERROR(O18*1000/P18*1000,"")) -> 2742816.1 | S18: =IF(COUNT(O18,P18)=0,"",IFERROR(O18*P18,"")) -> 1.328664 | T18: 61.6 | U18: =IF(COUNT(T18)=0,"",IFERROR(COS(T18/180*PI()),"")) -> 0.47562421 | V18: =IF(COUNT(S18,T18)=0,"",IFERROR(S18*COS(T18/360*2*3.14),"")) -> 0.63258169 | W18: =IF(COUNT(V18,M18)=0,"",IFERROR(1-V18/M18,"")) -> 0.21903495 | Z18: =IFERROR(IF(OR(V18="",X18="",X18=0),"",(V18-X18)/X18*100),"") | AA18: =IF(COUNT(AD18,AE18,AF18,AG18,AH18,AI18,AJ18,AK18,AL18,AC18)=0,"",IFERROR(SQRT(AD18^2+AE18^2+AF18^2+AG18^2+AH18^2+AI18^2+AJ18^2+AK18^2+AL18^2)/AC18,"")) -> 0.12343829 | AC18: 1888 | AD18: 192 | AE18: 100 | AF18: 67 | AG18: 47 | AH18: 21 | AI18: 12 | AJ18: 9 | AK18: 7 | AL18: 6 | AM18: 25
A19: BLOCK 2 | B19: 4 | C19: SQUARE | E19: 10 | G19: 100 | H19: 4 | I19: 3.989 | J19: 203 | K19: =IF(COUNT(J19,I19)=0,"",IFERROR(J19/1000/I19,"")) -> 0.050889947 | L19: 0.33 | M19: =IF(COUNT(H19,L19)=0,"",IFERROR(H19*L19,"")) -> 1.32 | N19: 6.98 | O19: 2.509 | P19: 0.833 | Q19: =IF(COUNT(O19,P19)=0,"",IFERROR(O19*1000/P19*1000,"")) -> 3012004.8 | S19: =IF(COUNT(O19,P19)=0,"",IFERROR(O19*P19,"")) -> 2.089997 | T19: 62.6 | U19: =IF(COUNT(T19)=0,"",IFERROR(COS(T19/180*PI()),"")) -> 0.46019978 | V19: =IF(COUNT(S19,T19)=0,"",IFERROR(S19*COS(T19/360*2*3.14),"")) -> 0.96284378 | W19: =IF(COUNT(V19,M19)=0,"",IFERROR(1-V19/M19,"")) -> 0.27057289 | Z19: =IFERROR(IF(OR(V19="",X19="",X19=0),"",(V19-X19)/X19*100),"") | AA19: =IF(COUNT(AD19,AE19,AF19,AG19,AH19,AI19,AJ19,AK19,AL19,AC19)=0,"",IFERROR(SQRT(AD19^2+AE19^2+AF19^2+AG19^2+AH19^2+AI19^2+AJ19^2+AK19^2+AL19^2)/AC19,"")) -> 0.084930095 | AC19: 2491 | AD19: 154 | AE19: 104 | AF19: 74 | AG19: 59 | AH19: 29 | AI19: 16 | AJ19: 10 | AK19: 6 | AL19: 6 | AM19: 26 | AR19: Sine for the voltage, two peaks for the current
A20: BLOCK 2 | B20: 5 | C20: SQUARE | E20: 10 | G20: 100 | H20: 5 | I20: 4.98 | J20: 223 | K20: =IF(COUNT(J20,I20)=0,"",IFERROR(J20/1000/I20,"")) -> 0.044779116 | L20: 0.43 | M20: =IF(COUNT(H20,L20)=0,"",IFERROR(H20*L20,"")) -> 2.15 | N20: 8.53 | O20: 3.09 | P20: 1.01 | Q20: =IF(COUNT(O20,P20)=0,"",IFERROR(O20*1000/P20*1000,"")) -> 3059405.9 | S20: =IF(COUNT(O20,P20)=0,"",IFERROR(O20*P20,"")) -> 3.1209 | T20: 57.8 | U20: =IF(COUNT(T20)=0,"",IFERROR(COS(T20/180*PI()),"")) -> 0.53287628 | V20: =IF(COUNT(S20,T20)=0,"",IFERROR(S20*COS(T20/360*2*3.14),"")) -> 1.664404 | W20: =IF(COUNT(V20,M20)=0,"",IFERROR(1-V20/M20,"")) -> 0.22585863 | Z20: =IFERROR(IF(OR(V20="",X20="",X20=0),"",(V20-X20)/X20*100),"") | AA20: =IF(COUNT(AD20,AE20,AF20,AG20,AH20,AI20,AJ20,AK20,AL20,AC20)=0,"",IFERROR(SQRT(AD20^2+AE20^2+AF20^2+AG20^2+AH20^2+AI20^2+AJ20^2+AK20^2+AL20^2)/AC20,"")) -> 0.089989993 | AC20: 3069 | AD20: 197 | AE20: 154 | AF20: 82 | AG20: 71 | AH20: 36 | AI20: 20 | AJ20: 12 | AK20: 9 | AL20: 8 | AM20: 28 | AR20: Same
A21: BLOCK 2 | B21: 6 | C21: SQUARE | E21: 10 | G21: 100 | H21: 6 | I21: 5.99 | J21: 303 | K21: =IF(COUNT(J21,I21)=0,"",IFERROR(J21/1000/I21,"")) -> 0.050584307 | L21: 0.52 | M21: =IF(COUNT(H21,L21)=0,"",IFERROR(H21*L21,"")) -> 3.12 | N21: 10.38 | O21: 3.779 | P21: 1.207 | Q21: =IF(COUNT(O21,P21)=0,"",IFERROR(O21*1000/P21*1000,"")) -> 3130903.1 | S21: =IF(COUNT(O21,P21)=0,"",IFERROR(O21*P21,"")) -> 4.561253 | T21: 58.74 | U21: =IF(COUNT(T21)=0,"",IFERROR(COS(T21/180*PI()),"")) -> 0.51892246 | V21: =IF(COUNT(S21,T21)=0,"",IFERROR(S21*COS(T21/360*2*3.14),"")) -> 2.3689628 | W21: =IF(COUNT(V21,M21)=0,"",IFERROR(1-V21/M21,"")) -> 0.24071705 | Z21: =IFERROR(IF(OR(V21="",X21="",X21=0),"",(V21-X21)/X21*100),"") | AA21: =IF(COUNT(AD21,AE21,AF21,AG21,AH21,AI21,AJ21,AK21,AL21,AC21)=0,"",IFERROR(SQRT(AD21^2+AE21^2+AF21^2+AG21^2+AH21^2+AI21^2+AJ21^2+AK21^2+AL21^2)/AC21,"")) -> 0.17419321 | AC21: 3722 | AD21: 603 | AE21: 187 | AF21: 102 | AG21: 91 | AH21: 46 | AI21: 23 | AJ21: 15 | AK21: 11 | AL21: 10 | AM21: 29
A22: BLOCK 2 | B22: 7 | C22: SQUARE | E22: 10 | G22: 100 | H22: 7 | I22: 6.98 | J22: 343 | K22: =IF(COUNT(J22,I22)=0,"",IFERROR(J22/1000/I22,"")) -> 0.049140401 | L22: 0.59 | M22: =IF(COUNT(H22,L22)=0,"",IFERROR(H22*L22,"")) -> 4.13 | N22: 12.18 | O22: 4.42 | P22: 1.461 | Q22: =IF(COUNT(O22,P22)=0,"",IFERROR(O22*1000/P22*1000,"")) -> 3025325.1 | S22: =IF(COUNT(O22,P22)=0,"",IFERROR(O22*P22,"")) -> 6.45762 | T22: 58.78 | U22: =IF(COUNT(T22)=0,"",IFERROR(COS(T22/180*PI()),"")) -> 0.51832556 | V22: =IF(COUNT(S22,T22)=0,"",IFERROR(S22*COS(T22/360*2*3.14),"")) -> 3.3500212 | W22: =IF(COUNT(V22,M22)=0,"",IFERROR(1-V22/M22,"")) -> 0.18885685 | Z22: =IFERROR(IF(OR(V22="",X22="",X22=0),"",(V22-X22)/X22*100),"") | AA22: =IF(COUNT(AD22,AE22,AF22,AG22,AH22,AI22,AJ22,AK22,AL22,AC22)=0,"",IFERROR(SQRT(AD22^2+AE22^2+AF22^2+AG22^2+AH22^2+AI22^2+AJ22^2+AK22^2+AL22^2)/AC22,"")) -> 0.16510592 | AC22: 4387 | AD22: 631 | AE22: 295 | AF22: 141 | AG22: 122 | AH22: 50 | AI22: 34 | AJ22: 26 | AK22: 16 | AL22: 10 | AM22: 32
A23: BLOCK 2 | B23: 8 | C23: SQUARE | E23: 10 | G23: 100 | H23: 8 | I23: 7.99 | J23: 391 | K23: =IF(COUNT(J23,I23)=0,"",IFERROR(J23/1000/I23,"")) -> 0.04893617 | L23: 0.68 | M23: =IF(COUNT(H23,L23)=0,"",IFERROR(H23*L23,"")) -> 5.44 | N23: 14.57 | O23: 5.211 | P23: 1.916 | Q23: =IF(COUNT(O23,P23)=0,"",IFERROR(O23*1000/P23*1000,"")) -> 2719728.6 | S23: =IF(COUNT(O23,P23)=0,"",IFERROR(O23*P23,"")) -> 9.984276 | T23: 62.2 | U23: =IF(COUNT(T23)=0,"",IFERROR(COS(T23/180*PI()),"")) -> 0.46638664 | V23: =IF(COUNT(S23,T23)=0,"",IFERROR(S23*COS(T23/360*2*3.14),"")) -> 4.6613929 | W23: =IF(COUNT(V23,M23)=0,"",IFERROR(1-V23/M23,"")) -> 0.14312631 | Z23: =IFERROR(IF(OR(V23="",X23="",X23=0),"",(V23-X23)/X23*100),"") | AA23: =IF(COUNT(AD23,AE23,AF23,AG23,AH23,AI23,AJ23,AK23,AL23,AC23)=0,"",IFERROR(SQRT(AD23^2+AE23^2+AF23^2+AG23^2+AH23^2+AI23^2+AJ23^2+AK23^2+AL23^2)/AC23,"")) -> 0.17163544 | AC23: 5123 | AD23: 636 | AE23: 548 | AF23: 209 | AG23: 132 | AH23: 58 | AI23: 47 | AJ23: 34 | AK23: 17 | AL23: 15 | AM23: 35
A24: BLOCK 2 | B24: 9 | C24: SQUARE | E24: 10 | G24: 100 | H24: 9 | I24: 8.98 | J24: 510 | K24: =IF(COUNT(J24,I24)=0,"",IFERROR(J24/1000/I24,"")) -> 0.056792873 | L24: 0.7 | M24: =IF(COUNT(H24,L24)=0,"",IFERROR(H24*L24,"")) -> 6.3 | N24: 16.53 | O24: 6.045 | P24: 2.332 | Q24: =IF(COUNT(O24,P24)=0,"",IFERROR(O24*1000/P24*1000,"")) -> 2592195.5 | S24: =IF(COUNT(O24,P24)=0,"",IFERROR(O24*P24,"")) -> 14.09694 | T24: 65.4 | U24: =IF(COUNT(T24)=0,"",IFERROR(COS(T24/180*PI()),"")) -> 0.41628079 | V24: =IF(COUNT(S24,T24)=0,"",IFERROR(S24*COS(T24/360*2*3.14),"")) -> 5.8757014 | W24: =IF(COUNT(V24,M24)=0,"",IFERROR(1-V24/M24,"")) -> 0.06734899 | Z24: =IFERROR(IF(OR(V24="",X24="",X24=0),"",(V24-X24)/X24*100),"") | AA24: =IF(COUNT(AD24,AE24,AF24,AG24,AH24,AI24,AJ24,AK24,AL24,AC24)=0,"",IFERROR(SQRT(AD24^2+AE24^2+AF24^2+AG24^2+AH24^2+AI24^2+AJ24^2+AK24^2+AL24^2)/AC24,"")) -> 0.27507932 | AC24: 5845 | AD24: 1325 | AE24: 860 | AF24: 265 | AG24: 91 | AH24: 70 | AI24: 62 | AJ24: 35 | AK24: 31 | AL24: 22 | AM24: 36
A25: BLOCK 2 | B25: 10 | C25: SQUARE | E25: 10 | G25: 100 | H25: 10 | I25: 9.98 | J25: 303 | K25: =IF(COUNT(J25,I25)=0,"",IFERROR(J25/1000/I25,"")) -> 0.030360721 | L25: 0.51 | M25: =IF(COUNT(H25,L25)=0,"",IFERROR(H25*L25,"")) -> 5.1 | N25: 17.71 | O25: 6.663 | P25: 2.141 | Q25: =IF(COUNT(O25,P25)=0,"",IFERROR(O25*1000/P25*1000,"")) -> 3112097.2 | S25: =IF(COUNT(O25,P25)=0,"",IFERROR(O25*P25,"")) -> 14.265483 | T25: 66.36 | U25: =IF(COUNT(T25)=0,"",IFERROR(COS(T25/180*PI()),"")) -> 0.40098868 | V25: =IF(COUNT(S25,T25)=0,"",IFERROR(S25*COS(T25/360*2*3.14),"")) -> 5.7279694 | W25: =IF(COUNT(V25,M25)=0,"",IFERROR(1-V25/M25,"")) -> -0.12313125 | Z25: =IFERROR(IF(OR(V25="",X25="",X25=0),"",(V25-X25)/X25*100),"") | AA25: =IF(COUNT(AD25,AE25,AF25,AG25,AH25,AI25,AJ25,AK25,AL25,AC25)=0,"",IFERROR(SQRT(AD25^2+AE25^2+AF25^2+AG25^2+AH25^2+AI25^2+AJ25^2+AK25^2+AL25^2)/AC25,"")) -> 0.25786001 | AC25: 6437 | AD25: 1333 | AE25: 930 | AF25: 290 | AG25: 104 | AH25: 95 | AI25: 65 | AJ25: 55 | AK25: 43 | AL25: 16 | AM25: 31
A26: BLOCK 2 | B26: 11 | C26: SQUARE | E26: 10 | G26: 100 | H26: 11 | K26: =IF(COUNT(J26,I26)=0,"",IFERROR(J26/1000/I26,"")) | M26: =IF(COUNT(H26,L26)=0,"",IFERROR(H26*L26,"")) -> 0 | Q26: =IF(COUNT(O26,P26)=0,"",IFERROR(O26*1000/P26*1000,"")) | S26: =IF(COUNT(O26,P26)=0,"",IFERROR(O26*P26,"")) | U26: =IF(COUNT(T26)=0,"",IFERROR(COS(T26/180*PI()),"")) | V26: =IF(COUNT(S26,T26)=0,"",IFERROR(S26*COS(T26/360*2*3.14),"")) | W26: =IF(COUNT(V26,M26)=0,"",IFERROR(1-V26/M26,"")) | Z26: =IFERROR(IF(OR(V26="",X26="",X26=0),"",(V26-X26)/X26*100),"") | AA26: =IF(COUNT(AD26,AE26,AF26,AG26,AH26,AI26,AJ26,AK26,AL26,AC26)=0,"",IFERROR(SQRT(AD26^2+AE26^2+AF26^2+AG26^2+AH26^2+AI26^2+AJ26^2+AK26^2+AL26^2)/AC26,"")) | AR26: MOSFET failure: the generator stopped working correctly because a MOSFET failed; it was replaced (desoldered and resoldered). The failure is most likely due to excessive heating; compared with the other V-sweeps in this configuration, the recorded temperature was abnormally low.
A27: BLOCK 3 — Probe load (open circuit) · V-sweep · 15 kHz · DC 100% · SQUARE (10 steps, MOSFET replaced) — several steps show a negative loss fraction (efficiency > 100 %), consistent with a residual phase-shift bias between the probes
A28: BLOCK 3 | B28: 1 | C28: SQUARE | E28: 15 | G28: 100 | H28: 1 | J28: 71 | K28: =IF(COUNT(J28,I28)=0,"",IFERROR(J28/1000/I28,"")) | L28: 0.13 | M28: =IF(COUNT(H28,L28)=0,"",IFERROR(H28*L28,"")) -> 0.13 | N28: 1.89 | O28: 0.706 | P28: 0.448 | Q28: =IF(COUNT(O28,P28)=0,"",IFERROR(O28*1000/P28*1000,"")) -> 1575892.9 | S28: =IF(COUNT(O28,P28)=0,"",IFERROR(O28*P28,"")) -> 0.316288 | T28: 78.5 | U28: =IF(COUNT(T28)=0,"",IFERROR(COS(T28/180*PI()),"")) -> 0.19936793 | V28: =IF(COUNT(S28,T28)=0,"",IFERROR(S28*COS(T28/360*2*3.14),"")) -> 0.063272945 | W28: =IF(COUNT(V28,M28)=0,"",IFERROR(1-V28/M28,"")) -> 0.51328504 | X28: 0.062 | Y28: 0.196 | Z28: =IFERROR(IF(OR(V28="",X28="",X28=0),"",(V28-X28)/X28*100),"") -> 2.0531374 | AA28: =IF(COUNT(AD28,AE28,AF28,AG28,AH28,AI28,AJ28,AK28,AL28,AC28)=0,"",IFERROR(SQRT(AD28^2+AE28^2+AF28^2+AG28^2+AH28^2+AI28^2+AJ28^2+AK28^2+AL28^2)/AC28,"")) -> 0.31048968 | AC28: 675 | AD28: 203 | AE28: 45 | AF28: 20 | AG28: 13 | AH28: 11 | AM28: 26
A29: BLOCK 3 | B29: 2 | C29: SQUARE | E29: 15 | G29: 100 | H29: 2 | I29: 2 | J29: 105 | K29: =IF(COUNT(J29,I29)=0,"",IFERROR(J29/1000/I29,"")) -> 0.0525 | L29: 0.36 | M29: =IF(COUNT(H29,L29)=0,"",IFERROR(H29*L29,"")) -> 0.72 | N29: 3.55 | O29: 1.21 | P29: 0.729 | Q29: =IF(COUNT(O29,P29)=0,"",IFERROR(O29*1000/P29*1000,"")) -> 1659808 | S29: =IF(COUNT(O29,P29)=0,"",IFERROR(O29*P29,"")) -> 0.88209 | T29: 61 | U29: =IF(COUNT(T29)=0,"",IFERROR(COS(T29/180*PI()),"")) -> 0.48480962 | V29: =IF(COUNT(S29,T29)=0,"",IFERROR(S29*COS(T29/360*2*3.14),"")) -> 0.42806206 | W29: =IF(COUNT(V29,M29)=0,"",IFERROR(1-V29/M29,"")) -> 0.40546937 | X29: 0.405 | Y29: 0.495 | Z29: =IFERROR(IF(OR(V29="",X29="",X29=0),"",(V29-X29)/X29*100),"") -> 5.6943347 | AA29: =IF(COUNT(AD29,AE29,AF29,AG29,AH29,AI29,AJ29,AK29,AL29,AC29)=0,"",IFERROR(SQRT(AD29^2+AE29^2+AF29^2+AG29^2+AH29^2+AI29^2+AJ29^2+AK29^2+AL29^2)/AC29,"")) -> 0.17209462 | AC29: 1239 | AD29: 208 | AE29: 35 | AF29: 23 | AG29: 16 | AH29: 9 | AI29: 7 | AJ29: 6 | AK29: 5 | AM29: 28
A30: BLOCK 3 | B30: 3 | C30: SQUARE | E30: 15 | G30: 100 | H30: 3 | I30: 3 | J30: 175 | K30: =IF(COUNT(J30,I30)=0,"",IFERROR(J30/1000/I30,"")) -> 0.058333333 | L30: 0.56 | M30: =IF(COUNT(H30,L30)=0,"",IFERROR(H30*L30,"")) -> 1.68 | N30: 5.13 | O30: 1.75 | P30: 0.977 | Q30: =IF(COUNT(O30,P30)=0,"",IFERROR(O30*1000/P30*1000,"")) -> 1791197.5 | S30: =IF(COUNT(O30,P30)=0,"",IFERROR(O30*P30,"")) -> 1.70975 | T30: 58.6 | U30: =IF(COUNT(T30)=0,"",IFERROR(COS(T30/180*PI()),"")) -> 0.52100963 | V30: =IF(COUNT(S30,T30)=0,"",IFERROR(S30*COS(T30/360*2*3.14),"")) -> 0.89155277 | W30: =IF(COUNT(V30,M30)=0,"",IFERROR(1-V30/M30,"")) -> 0.46931383 | X30: 0.917 | Y30: 0.522 | Z30: =IFERROR(IF(OR(V30="",X30="",X30=0),"",(V30-X30)/X30*100),"") -> -2.7750522 | AA30: =IF(COUNT(AD30,AE30,AF30,AG30,AH30,AI30,AJ30,AK30,AL30,AC30)=0,"",IFERROR(SQRT(AD30^2+AE30^2+AF30^2+AG30^2+AH30^2+AI30^2+AJ30^2+AK30^2+AL30^2)/AC30,"")) -> 0.12831043 | AC30: 1756 | AD30: 209 | AE30: 74 | AF30: 26 | AG30: 24 | AH30: 12 | AI30: 10 | AJ30: 8 | AK30: 7 | AM30: 33
A31: BLOCK 3 | B31: 4 | C31: SQUARE | E31: 15 | G31: 100 | H31: 4 | I31: 4 | J31: 180 | K31: =IF(COUNT(J31,I31)=0,"",IFERROR(J31/1000/I31,"")) -> 0.045 | L31: 0.77 | M31: =IF(COUNT(H31,L31)=0,"",IFERROR(H31*L31,"")) -> 3.08 | N31: 7.03 | O31: 2.48 | P31: 1.49 | Q31: =IF(COUNT(O31,P31)=0,"",IFERROR(O31*1000/P31*1000,"")) -> 1664429.5 | S31: =IF(COUNT(O31,P31)=0,"",IFERROR(O31*P31,"")) -> 3.6952 | T31: 61.7 | U31: =IF(COUNT(T31)=0,"",IFERROR(COS(T31/180*PI()),"")) -> 0.47408821 | V31: =IF(COUNT(S31,T31)=0,"",IFERROR(S31*COS(T31/360*2*3.14),"")) -> 1.7536267 | W31: =IF(COUNT(V31,M31)=0,"",IFERROR(1-V31/M31,"")) -> 0.43064069 | X31: 1.755 | Y31: 0.475 | Z31: =IFERROR(IF(OR(V31="",X31="",X31=0),"",(V31-X31)/X31*100),"") -> -0.078251749 | AA31: =IF(COUNT(AD31,AE31,AF31,AG31,AH31,AI31,AJ31,AK31,AL31,AC31)=0,"",IFERROR(SQRT(AD31^2+AE31^2+AF31^2+AG31^2+AH31^2+AI31^2+AJ31^2+AK31^2+AL31^2)/AC31,"")) -> 0.093275712 | AC31: 2204 | AD31: 177 | AE31: 91 | AF31: 33 | AG31: 28 | AH31: 19 | AI31: 15 | AJ31: 9 | AK31: 8 | AL31: 7 | AM31: 39
A32: BLOCK 3 | B32: 5 | C32: SQUARE | E32: 15 | G32: 100 | H32: 5 | I32: 5 | J32: 260 | K32: =IF(COUNT(J32,I32)=0,"",IFERROR(J32/1000/I32,"")) -> 0.052 | L32: 0.96 | M32: =IF(COUNT(H32,L32)=0,"",IFERROR(H32*L32,"")) -> 4.8 | N32: 9.16 | O32: 3.225 | P32: 1.93 | Q32: =IF(COUNT(O32,P32)=0,"",IFERROR(O32*1000/P32*1000,"")) -> 1670984.5 | S32: =IF(COUNT(O32,P32)=0,"",IFERROR(O32*P32,"")) -> 6.22425 | T32: 62.5 | U32: =IF(COUNT(T32)=0,"",IFERROR(COS(T32/180*PI()),"")) -> 0.46174861 | V32: =IF(COUNT(S32,T32)=0,"",IFERROR(S32*COS(T32/360*2*3.14),"")) -> 2.8770915 | W32: =IF(COUNT(V32,M32)=0,"",IFERROR(1-V32/M32,"")) -> 0.40060594 | X32: 2.902 | Y32: 0.466 | Z32: =IFERROR(IF(OR(V32="",X32="",X32=0),"",(V32-X32)/X32*100),"") -> -0.8583221 | AA32: =IF(COUNT(AD32,AE32,AF32,AG32,AH32,AI32,AJ32,AK32,AL32,AC32)=0,"",IFERROR(SQRT(AD32^2+AE32^2+AF32^2+AG32^2+AH32^2+AI32^2+AJ32^2+AK32^2+AL32^2)/AC32,"")) -> 0.063750984 | AC32: 3212 | AD32: 179 | AE32: 81 | AF32: 35 | AG32: 31 | AH32: 25 | AI32: 14 | AJ32: 11 | AK32: 10 | AL32: 10 | AM32: 46
A33: BLOCK 3 | B33: 6 | C33: SQUARE | E33: 15 | G33: 100 | H33: 6 | I33: 6 | J33: 360 | K33: =IF(COUNT(J33,I33)=0,"",IFERROR(J33/1000/I33,"")) -> 0.06 | L33: 1.06 | M33: =IF(COUNT(H33,L33)=0,"",IFERROR(H33*L33,"")) -> 6.36 | N33: 11.29 | O33: 4.001 | P33: 2.36 | Q33: =IF(COUNT(O33,P33)=0,"",IFERROR(O33*1000/P33*1000,"")) -> 1695339 | S33: =IF(COUNT(O33,P33)=0,"",IFERROR(O33*P33,"")) -> 9.44236 | T33: 60.9 | U33: =IF(COUNT(T33)=0,"",IFERROR(COS(T33/180*PI()),"")) -> 0.48633538 | V33: =IF(COUNT(S33,T33)=0,"",IFERROR(S33*COS(T33/360*2*3.14),"")) -> 4.5965988 | W33: =IF(COUNT(V33,M33)=0,"",IFERROR(1-V33/M33,"")) -> 0.27726434 | X33: 4.812 | Y33: 0.503 | Z33: =IFERROR(IF(OR(V33="",X33="",X33=0),"",(V33-X33)/X33*100),"") -> -4.4763337 | AA33: =IF(COUNT(AD33,AE33,AF33,AG33,AH33,AI33,AJ33,AK33,AL33,AC33)=0,"",IFERROR(SQRT(AD33^2+AE33^2+AF33^2+AG33^2+AH33^2+AI33^2+AJ33^2+AK33^2+AL33^2)/AC33,"")) -> 0.048302922 | AC33: 4016 | AD33: 175 | AE33: 55 | AF33: 34 | AG33: 31 | AH33: 29 | AI33: 22 | AJ33: 15 | AK33: 13 | AL33: 12 | AM33: 55
A34: BLOCK 3 | B34: 7 | C34: SQUARE | E34: 15 | G34: 100 | H34: 7 | I34: 7 | J34: 580 | K34: =IF(COUNT(J34,I34)=0,"",IFERROR(J34/1000/I34,"")) -> 0.082857143 | L34: 1.07 | M34: =IF(COUNT(H34,L34)=0,"",IFERROR(H34*L34,"")) -> 7.49 | N34: 13.67 | O34: 4.806 | P34: 2.85 | Q34: =IF(COUNT(O34,P34)=0,"",IFERROR(O34*1000/P34*1000,"")) -> 1686315.8 | S34: =IF(COUNT(O34,P34)=0,"",IFERROR(O34*P34,"")) -> 13.6971 | T34: 60.4 | U34: =IF(COUNT(T34)=0,"",IFERROR(COS(T34/180*PI()),"")) -> 0.49394187 | V34: =IF(COUNT(S34,T34)=0,"",IFERROR(S34*COS(T34/360*2*3.14),"")) -> 6.7719349 | W34: =IF(COUNT(V34,M34)=0,"",IFERROR(1-V34/M34,"")) -> 0.095869836 | X34: 6.781 | Y34: 0.497 | Z34: =IFERROR(IF(OR(V34="",X34="",X34=0),"",(V34-X34)/X34*100),"") -> -0.13368344 | AA34: =IF(COUNT(AD34,AE34,AF34,AG34,AH34,AI34,AJ34,AK34,AL34,AC34)=0,"",IFERROR(SQRT(AD34^2+AE34^2+AF34^2+AG34^2+AH34^2+AI34^2+AJ34^2+AK34^2+AL34^2)/AC34,"")) -> 0.061465674 | AC34: 4764 | AD34: 181 | AE34: 181 | AF34: 92 | AG34: 86 | AH34: 45 | AI34: 32 | AJ34: 25 | AK34: 20 | AL34: 17 | AM34: 64
A35: BLOCK 3 | B35: 8 | C35: SQUARE | E35: 15 | G35: 100 | H35: 8 | I35: 8 | J35: 740 | K35: =IF(COUNT(J35,I35)=0,"",IFERROR(J35/1000/I35,"")) -> 0.0925 | L35: 1.13 | M35: =IF(COUNT(H35,L35)=0,"",IFERROR(H35*L35,"")) -> 9.04 | N35: 15.79 | O35: 5.582 | P35: 3.373 | Q35: =IF(COUNT(O35,P35)=0,"",IFERROR(O35*1000/P35*1000,"")) -> 1654906.6 | S35: =IF(COUNT(O35,P35)=0,"",IFERROR(O35*P35,"")) -> 18.828086 | T35: 61.2 | U35: =IF(COUNT(T35)=0,"",IFERROR(COS(T35/180*PI()),"")) -> 0.48175367 | V35: =IF(COUNT(S35,T35)=0,"",IFERROR(S35*COS(T35/360*2*3.14),"")) -> 9.0794326 | W35: =IF(COUNT(V35,M35)=0,"",IFERROR(1-V35/M35,"")) -> -0.0043620152 | X35: 9.089 | Y35: 0.48 | Z35: =IFERROR(IF(OR(V35="",X35="",X35=0),"",(V35-X35)/X35*100),"") -> -0.10526331 | AA35: =IF(COUNT(AD35,AE35,AF35,AG35,AH35,AI35,AJ35,AK35,AL35,AC35)=0,"",IFERROR(SQRT(AD35^2+AE35^2+AF35^2+AG35^2+AH35^2+AI35^2+AJ35^2+AK35^2+AL35^2)/AC35,"")) -> 0.099635066 | AC35: 5523 | AD35: 437 | AE35: 225 | AF35: 195 | AG35: 126 | AH35: 62 | AI35: 40 | AJ35: 28 | AK35: 27 | AL35: 19 | AM35: 75
A36: BLOCK 3 | B36: 9 | C36: SQUARE | E36: 15 | G36: 100 | H36: 9 | I36: 9 | J36: 900 | K36: =IF(COUNT(J36,I36)=0,"",IFERROR(J36/1000/I36,"")) -> 0.1 | L36: 1.28 | M36: =IF(COUNT(H36,L36)=0,"",IFERROR(H36*L36,"")) -> 11.52 | N36: 18.09 | O36: 5.73 | P36: 3.5 | Q36: =IF(COUNT(O36,P36)=0,"",IFERROR(O36*1000/P36*1000,"")) -> 1637142.9 | S36: =IF(COUNT(O36,P36)=0,"",IFERROR(O36*P36,"")) -> 20.055 | T36: 61.5 | U36: =IF(COUNT(T36)=0,"",IFERROR(COS(T36/180*PI()),"")) -> 0.47715876 | V36: =IF(COUNT(S36,T36)=0,"",IFERROR(S36*COS(T36/360*2*3.14),"")) -> 9.5790081 | W36: =IF(COUNT(V36,M36)=0,"",IFERROR(1-V36/M36,"")) -> 0.16848888 | X36: 10.09 | Y36: 0.475 | Z36: =IFERROR(IF(OR(V36="",X36="",X36=0),"",(V36-X36)/X36*100),"") -> -5.0643399 | AA36: =IF(COUNT(AD36,AE36,AF36,AG36,AH36,AI36,AJ36,AK36,AL36,AC36)=0,"",IFERROR(SQRT(AD36^2+AE36^2+AF36^2+AG36^2+AH36^2+AI36^2+AJ36^2+AK36^2+AL36^2)/AC36,"")) -> 0.12882832 | AC36: 6303 | AD36: 655 | AE36: 384 | AF36: 215 | AG36: 158 | AH36: 80 | AI36: 47 | AJ36: 38 | AK36: 30 | AL36: 27 | AM36: 85
A37: BLOCK 3 | B37: 10 | C37: SQUARE | E37: 15 | G37: 100 | H37: 10 | I37: 10 | J37: 1421 | K37: =IF(COUNT(J37,I37)=0,"",IFERROR(J37/1000/I37,"")) -> 0.1421 | L37: 1.38 | M37: =IF(COUNT(H37,L37)=0,"",IFERROR(H37*L37,"")) -> 13.8 | N37: 20.57 | O37: 7.18 | P37: 4.61 | Q37: =IF(COUNT(O37,P37)=0,"",IFERROR(O37*1000/P37*1000,"")) -> 1557483.7 | S37: =IF(COUNT(O37,P37)=0,"",IFERROR(O37*P37,"")) -> 33.0998 | T37: 63.53 | U37: =IF(COUNT(T37)=0,"",IFERROR(COS(T37/180*PI()),"")) -> 0.44572917 | V37: =IF(COUNT(S37,T37)=0,"",IFERROR(S37*COS(T37/360*2*3.14),"")) -> 14.770199 | W37: =IF(COUNT(V37,M37)=0,"",IFERROR(1-V37/M37,"")) -> -0.070304304 | X37: 14.78 | Y37: 0.444 | Z37: =IFERROR(IF(OR(V37="",X37="",X37=0),"",(V37-X37)/X37*100),"") -> -0.066309928 | AA37: =IF(COUNT(AD37,AE37,AF37,AG37,AH37,AI37,AJ37,AK37,AL37,AC37)=0,"",IFERROR(SQRT(AD37^2+AE37^2+AF37^2+AG37^2+AH37^2+AI37^2+AJ37^2+AK37^2+AL37^2)/AC37,"")) -> 0.17116145 | AC37: 7044 | AD37: 906 | AE37: 550 | AF37: 523 | AG37: 195 | AH37: 90 | AI37: 60 | AJ37: 52 | AK37: 47 | AL37: 46 | AM37: 94
A38: BLOCK 4 — Probe load (open circuit) · Freq-sweep 5→60 kHz · 2 V · DC 100% · SQUARE
A39: BLOCK 4 | B39: 1 | C39: SQUARE | E39: 5 | G39: 100 | H39: 2 | I39: 1.995 | J39: 85 | K39: =IF(COUNT(J39,I39)=0,"",IFERROR(J39/1000/I39,"")) -> 0.042606516 | L39: 0.47 | M39: =IF(COUNT(H39,L39)=0,"",IFERROR(H39*L39,"")) -> 0.94 | N39: 3.43 | O39: 1 | P39: 0.345 | Q39: =IF(COUNT(O39,P39)=0,"",IFERROR(O39*1000/P39*1000,"")) -> 2898550.7 | S39: =IF(COUNT(O39,P39)=0,"",IFERROR(O39*P39,"")) -> 0.345 | T39: 74 | U39: =IF(COUNT(T39)=0,"",IFERROR(COS(T39/180*PI()),"")) -> 0.27563736 | V39: =IF(COUNT(S39,T39)=0,"",IFERROR(S39*COS(T39/360*2*3.14),"")) -> 0.095312008 | W39: =IF(COUNT(V39,M39)=0,"",IFERROR(1-V39/M39,"")) -> 0.89860425 | Z39: =IFERROR(IF(OR(V39="",X39="",X39=0),"",(V39-X39)/X39*100),"") | AA39: =IF(COUNT(AD39,AE39,AF39,AG39,AH39,AI39,AJ39,AK39,AL39,AC39)=0,"",IFERROR(SQRT(AD39^2+AE39^2+AF39^2+AG39^2+AH39^2+AI39^2+AJ39^2+AK39^2+AL39^2)/AC39,"")) -> 0.19928944 | AB39: "Broken" sine | AC39: 891 | AD39: 76 | AE39: 121 | AF39: 66 | AG39: 55 | AH39: 49 | AI39: 29 | AJ39: 15 | AK39: 12 | AL39: 11 | AM39: 26 | AN39: unstable | AQ39: PIC_1815_16052026
A40: BLOCK 4 | B40: 2 | C40: SQUARE | E40: 7.5 | G40: 100 | H40: 2 | I40: 1.97 | J40: 294 | K40: =IF(COUNT(J40,I40)=0,"",IFERROR(J40/1000/I40,"")) -> 0.14923858 | L40: 0.17 | M40: =IF(COUNT(H40,L40)=0,"",IFERROR(H40*L40,"")) -> 0.34 | N40: 4.13 | O40: 1.29 | P40: 0.601 | Q40: =IF(COUNT(O40,P40)=0,"",IFERROR(O40*1000/P40*1000,"")) -> 2146422.6 | S40: =IF(COUNT(O40,P40)=0,"",IFERROR(O40*P40,"")) -> 0.77529 | T40: 83 | U40: =IF(COUNT(T40)=0,"",IFERROR(COS(T40/180*PI()),"")) -> 0.12186934 | V40: =IF(COUNT(S40,T40)=0,"",IFERROR(S40*COS(T40/360*2*3.14),"")) -> 0.095049179 | W40: =IF(COUNT(V40,M40)=0,"",IFERROR(1-V40/M40,"")) -> 0.72044359 | Z40: =IFERROR(IF(OR(V40="",X40="",X40=0),"",(V40-X40)/X40*100),"") | AA40: =IF(COUNT(AD40,AE40,AF40,AG40,AH40,AI40,AJ40,AK40,AL40,AC40)=0,"",IFERROR(SQRT(AD40^2+AE40^2+AF40^2+AG40^2+AH40^2+AI40^2+AJ40^2+AK40^2+AL40^2)/AC40,"")) -> 0.30625124 | AB40: Distorted sine | AC40: 1212 | AD40: 339 | AE40: 125 | AF40: 78 | AG40: 22 | AH40: 18 | AI40: 11 | AJ40: 10 | AK40: 8 | AL40: 7 | AM40: 26 | AN40: stable | AQ40: PIC_1816_16052026
A41: BLOCK 4 | B41: 3 | C41: SQUARE | E41: 10 | G41: 100 | H41: 2 | I41: 1.998 | J41: 141 | K41: =IF(COUNT(J41,I41)=0,"",IFERROR(J41/1000/I41,"")) -> 0.070570571 | L41: 0.17 | M41: =IF(COUNT(H41,L41)=0,"",IFERROR(H41*L41,"")) -> 0.34 | N41: 3.8 | O41: 1.31 | P41: 0.652 | Q41: =IF(COUNT(O41,P41)=0,"",IFERROR(O41*1000/P41*1000,"")) -> 2009202.5 | S41: =IF(COUNT(O41,P41)=0,"",IFERROR(O41*P41,"")) -> 0.85412 | T41: 70.8 | U41: =IF(COUNT(T41)=0,"",IFERROR(COS(T41/180*PI()),"")) -> 0.32886665 | V41: =IF(COUNT(S41,T41)=0,"",IFERROR(S41*COS(T41/360*2*3.14),"")) -> 0.28139682 | W41: =IF(COUNT(V41,M41)=0,"",IFERROR(1-V41/M41,"")) -> 0.17236229 | Z41: =IFERROR(IF(OR(V41="",X41="",X41=0),"",(V41-X41)/X41*100),"") | AA41: =IF(COUNT(AD41,AE41,AF41,AG41,AH41,AI41,AJ41,AK41,AL41,AC41)=0,"",IFERROR(SQRT(AD41^2+AE41^2+AF41^2+AG41^2+AH41^2+AI41^2+AJ41^2+AK41^2+AL41^2)/AC41,"")) -> 0.18183141 | AB41: Distorted sine | AC41: 1273 | AD41: 217 | AE41: 55 | AF41: 42 | AG41: 34 | AH41: 16 | AI41: 10 | AJ41: 10 | AK41: 8 | AL41: 5 | AM41: 26 | AN41: stable | AQ41: PIC_1816_2_16052026
A42: BLOCK 4 | B42: 4 | C42: SQUARE | E42: 12.5 | G42: 100 | H42: 2 | I42: 1.96 | J42: 92 | K42: =IF(COUNT(J42,I42)=0,"",IFERROR(J42/1000/I42,"")) -> 0.046938776 | L42: 0.29 | M42: =IF(COUNT(H42,L42)=0,"",IFERROR(H42*L42,"")) -> 0.58 | N42: 3.64 | O42: 1.29 | P42: 0.725 | Q42: =IF(COUNT(O42,P42)=0,"",IFERROR(O42*1000/P42*1000,"")) -> 1779310.3 | S42: =IF(COUNT(O42,P42)=0,"",IFERROR(O42*P42,"")) -> 0.93525 | T42: 65 | U42: =IF(COUNT(T42)=0,"",IFERROR(COS(T42/180*PI()),"")) -> 0.42261826 | V42: =IF(COUNT(S42,T42)=0,"",IFERROR(S42*COS(T42/360*2*3.14),"")) -> 0.39574115 | W42: =IF(COUNT(V42,M42)=0,"",IFERROR(1-V42/M42,"")) -> 0.31768767 | Z42: =IFERROR(IF(OR(V42="",X42="",X42=0),"",(V42-X42)/X42*100),"") | AA42: =IF(COUNT(AD42,AE42,AF42,AG42,AH42,AI42,AJ42,AK42,AL42,AC42)=0,"",IFERROR(SQRT(AD42^2+AE42^2+AF42^2+AG42^2+AH42^2+AI42^2+AJ42^2+AK42^2+AL42^2)/AC42,"")) -> 0.076820356 | AB42: Sine | AC42: 1221 | AD42: 76 | AE42: 39 | AF42: 28 | AG42: 22 | AH42: 12 | AI42: 8 | AJ42: 5 | AM42: 25 | AN42: stable | AQ42: PIC_1817_16052026
A43: BLOCK 4 | B43: 5 | C43: SQUARE | E43: 15 | G43: 100 | H43: 2 | I43: 1.99 | J43: 117 | K43: =IF(COUNT(J43,I43)=0,"",IFERROR(J43/1000/I43,"")) -> 0.05879397 | L43: 0.51 | M43: =IF(COUNT(H43,L43)=0,"",IFERROR(H43*L43,"")) -> 1.02 | N43: 3.48 | O43: 1.67 | P43: 0.902 | Q43: =IF(COUNT(O43,P43)=0,"",IFERROR(O43*1000/P43*1000,"")) -> 1851441.2 | S43: =IF(COUNT(O43,P43)=0,"",IFERROR(O43*P43,"")) -> 1.50634 | T43: 68.2 | U43: =IF(COUNT(T43)=0,"",IFERROR(COS(T43/180*PI()),"")) -> 0.37136784 | V43: =IF(COUNT(S43,T43)=0,"",IFERROR(S43*COS(T43/360*2*3.14),"")) -> 0.5602501 | W43: =IF(COUNT(V43,M43)=0,"",IFERROR(1-V43/M43,"")) -> 0.45073519 | Z43: =IFERROR(IF(OR(V43="",X43="",X43=0),"",(V43-X43)/X43*100),"") | AA43: =IF(COUNT(AD43,AE43,AF43,AG43,AH43,AI43,AJ43,AK43,AL43,AC43)=0,"",IFERROR(SQRT(AD43^2+AE43^2+AF43^2+AG43^2+AH43^2+AI43^2+AJ43^2+AK43^2+AL43^2)/AC43,"")) -> 0.07049797 | AB43: Sine | AC43: 1096 | AD43: 32 | AE43: 61 | AF43: 22 | AG43: 22 | AH43: 12 | AI43: 8 | AJ43: 7 | AM43: 27 | AN43: stable | AQ43: PIC_1817_2_16052026
A44: BLOCK 4 | B44: 6 | C44: SQUARE | E44: 20 | G44: 100 | H44: 2 | I44: 2 | J44: 114 | K44: =IF(COUNT(J44,I44)=0,"",IFERROR(J44/1000/I44,"")) -> 0.057 | L44: 0.56 | M44: =IF(COUNT(H44,L44)=0,"",IFERROR(H44*L44,"")) -> 1.12 | N44: 2.45 | O44: 0.776 | P44: 0.935 | Q44: =IF(COUNT(O44,P44)=0,"",IFERROR(O44*1000/P44*1000,"")) -> 829946.52 | S44: =IF(COUNT(O44,P44)=0,"",IFERROR(O44*P44,"")) -> 0.72556 | T44: 73.87 | U44: =IF(COUNT(T44)=0,"",IFERROR(COS(T44/180*PI()),"")) -> 0.27781768 | V44: =IF(COUNT(S44,T44)=0,"",IFERROR(S44*COS(T44/360*2*3.14),"")) -> 0.20202891 | W44: =IF(COUNT(V44,M44)=0,"",IFERROR(1-V44/M44,"")) -> 0.81961704 | Z44: =IFERROR(IF(OR(V44="",X44="",X44=0),"",(V44-X44)/X44*100),"") | AA44: =IF(COUNT(AD44,AE44,AF44,AG44,AH44,AI44,AJ44,AK44,AL44,AC44)=0,"",IFERROR(SQRT(AD44^2+AE44^2+AF44^2+AG44^2+AH44^2+AI44^2+AJ44^2+AK44^2+AL44^2)/AC44,"")) -> 0.12776191 | AB44: Sine | AC44: 687 | AD44: 61 | AE44: 57 | AF44: 22 | AG44: 13 | AH44: 9 | AM44: 27 | AN44: stable | AQ44: PIC_1818_16052026
A45: BLOCK 4 | B45: 7 | C45: SQUARE | E45: 30 | G45: 100 | H45: 2 | I45: 2.01 | J45: 90 | K45: =IF(COUNT(J45,I45)=0,"",IFERROR(J45/1000/I45,"")) -> 0.044776119 | L45: 0.55 | M45: =IF(COUNT(H45,L45)=0,"",IFERROR(H45*L45,"")) -> 1.1 | N45: 1.44 | O45: 0.454 | P45: 0.899 | Q45: =IF(COUNT(O45,P45)=0,"",IFERROR(O45*1000/P45*1000,"")) -> 505005.56 | S45: =IF(COUNT(O45,P45)=0,"",IFERROR(O45*P45,"")) -> 0.408146 | T45: 81.16 | U45: =IF(COUNT(T45)=0,"",IFERROR(COS(T45/180*PI()),"")) -> 0.15367571 | V45: =IF(COUNT(S45,T45)=0,"",IFERROR(S45*COS(T45/360*2*3.14),"")) -> 0.063011723 | W45: =IF(COUNT(V45,M45)=0,"",IFERROR(1-V45/M45,"")) -> 0.94271662 | Z45: =IFERROR(IF(OR(V45="",X45="",X45=0),"",(V45-X45)/X45*100),"") | AA45: =IF(COUNT(AD45,AE45,AF45,AG45,AH45,AI45,AJ45,AK45,AL45,AC45)=0,"",IFERROR(SQRT(AD45^2+AE45^2+AF45^2+AG45^2+AH45^2+AI45^2+AJ45^2+AK45^2+AL45^2)/AC45,"")) -> 0.1704647 | AB45: Sine | AC45: 428 | AD45: 60 | AE45: 39 | AF45: 11 | AG45: 9 | AM45: 27 | AN45: stable | AQ45: PIC_1818_2_16052026
A46: BLOCK 4 | B46: 8 | C46: SQUARE | E46: 40 | G46: 100 | H46: 2 | I46: 2.02 | J46: 56 | K46: =IF(COUNT(J46,I46)=0,"",IFERROR(J46/1000/I46,"")) -> 0.027722772 | L46: 0.54 | M46: =IF(COUNT(H46,L46)=0,"",IFERROR(H46*L46,"")) -> 1.08 | N46: 1.26 | O46: 0.329 | P46: 0.799 | Q46: =IF(COUNT(O46,P46)=0,"",IFERROR(O46*1000/P46*1000,"")) -> 411764.71 | S46: =IF(COUNT(O46,P46)=0,"",IFERROR(O46*P46,"")) -> 0.262871 | T46: 85.51 | U46: =IF(COUNT(T46)=0,"",IFERROR(COS(T46/180*PI()),"")) -> 0.0782851 | V46: =IF(COUNT(S46,T46)=0,"",IFERROR(S46*COS(T46/360*2*3.14),"")) -> 0.020777154 | W46: =IF(COUNT(V46,M46)=0,"",IFERROR(1-V46/M46,"")) -> 0.98076189 | Z46: =IFERROR(IF(OR(V46="",X46="",X46=0),"",(V46-X46)/X46*100),"") | AA46: =IF(COUNT(AD46,AE46,AF46,AG46,AH46,AI46,AJ46,AK46,AL46,AC46)=0,"",IFERROR(SQRT(AD46^2+AE46^2+AF46^2+AG46^2+AH46^2+AI46^2+AJ46^2+AK46^2+AL46^2)/AC46,"")) -> 0.53596674 | AB46: Sine with a carrier | AC46: 307 | AD46: 153 | AE46: 55 | AF46: 24 | AG46: 8 | AM46: 27 | AN46: weakly stable | AQ46: PIC_1819_16052026
A47: BLOCK 4 | B47: 9 | C47: SQUARE | E47: 50 | G47: 100 | H47: 2 | I47: 2.01 | J47: 607 | K47: =IF(COUNT(J47,I47)=0,"",IFERROR(J47/1000/I47,"")) -> 0.30199005 | L47: 0.52 | M47: =IF(COUNT(H47,L47)=0,"",IFERROR(H47*L47,"")) -> 1.04 | N47: 0.799 | O47: 0.247 | P47: 0.884 | Q47: =IF(COUNT(O47,P47)=0,"",IFERROR(O47*1000/P47*1000,"")) -> 279411.76 | S47: =IF(COUNT(O47,P47)=0,"",IFERROR(O47*P47,"")) -> 0.218348 | T47: 89 | U47: =IF(COUNT(T47)=0,"",IFERROR(COS(T47/180*PI()),"")) -> 0.017452406 | V47: =IF(COUNT(S47,T47)=0,"",IFERROR(S47*COS(T47/360*2*3.14),"")) -> 0.0039826151 | W47: =IF(COUNT(V47,M47)=0,"",IFERROR(1-V47/M47,"")) -> 0.99617056 | Z47: =IFERROR(IF(OR(V47="",X47="",X47=0),"",(V47-X47)/X47*100),"") | AA47: =IF(COUNT(AD47,AE47,AF47,AG47,AH47,AI47,AJ47,AK47,AL47,AC47)=0,"",IFERROR(SQRT(AD47^2+AE47^2+AF47^2+AG47^2+AH47^2+AI47^2+AJ47^2+AK47^2+AL47^2)/AC47,"")) -> 0.13994566 | AB47: Slightly distorted sine | AC47: 244 | AD47: 24 | AE47: 21 | AF47: 10 | AG47: 7 | AM47: 27 | AN47: unstable | AQ47: PIC_1820_16052026
A48: BLOCK 4 | B48: 10 | C48: SQUARE | E48: 60 | G48: 100 | H48: 2 | I48: 2.01 | J48: 147 | K48: =IF(COUNT(J48,I48)=0,"",IFERROR(J48/1000/I48,"")) -> 0.073134328 | L48: 0.48 | M48: =IF(COUNT(H48,L48)=0,"",IFERROR(H48*L48,"")) -> 0.96 | N48: 1 | O48: 0.246 | P48: 0.778 | Q48: =IF(COUNT(O48,P48)=0,"",IFERROR(O48*1000/P48*1000,"")) -> 316195.37 | S48: =IF(COUNT(O48,P48)=0,"",IFERROR(O48*P48,"")) -> 0.191388 | T48: 91 | U48: =IF(COUNT(T48)=0,"",IFERROR(COS(T48/180*PI()),"")) -> -0.017452406 | V48: =IF(COUNT(S48,T48)=0,"",IFERROR(S48*COS(T48/360*2*3.14),"")) -> -0.0031861028 | W48: =IF(COUNT(V48,M48)=0,"",IFERROR(1-V48/M48,"")) -> 1.0033189 | Z48: =IFERROR(IF(OR(V48="",X48="",X48=0),"",(V48-X48)/X48*100),"") | AA48: =IF(COUNT(AD48,AE48,AF48,AG48,AH48,AI48,AJ48,AK48,AL48,AC48)=0,"",IFERROR(SQRT(AD48^2+AE48^2+AF48^2+AG48^2+AH48^2+AI48^2+AJ48^2+AK48^2+AL48^2)/AC48,"")) -> 0.81329027 | AB48: Strongly distorted sine with a strong carrier | AC48: 183 | AD48: 147 | AE48: 19 | AF48: 10 | AG48: 9 | AM48: 27 | AN48: unstable | AQ48: PIC_1820_2_16052026

Sheet Exp 2.1 - DBD_V_sweep
A1: Exp 2.1 - DBD V sweep
A2: CONDITIONS | I2: PRIMARY | N2: HV SECONDARY | R2: POWER | AA2: SIGNAL QUALITY | AM2: PHYSICAL STATE | AQ2: TRACEABILITY
A3: Block | B3: Step | C3: Mode | D3: Turns/branch | E3: Frequency (kHz) | F3: Burst Frequency (kHz) | G3: DutyCycle (%) | H3: V_Buck setpoint (V) | I3: V_Buck_Average (V) | J3: V_Buck_Ripple (mV) | K3: Relative_Ripple (%) | L3: I_primary (A) | M3: P_input (W) | N3: V_secondary_pp (kV) | O3: V_secondary_RMS (kV) | P3: I_sec_RMS (mA) | Q3: Load_Impedance (Ohm) | R3: VxI_RMS (W) | S3: Apparent Power (VA) | T3: Phase Angle° | U3: Power factor | V3: Real Power(W) | W3: Loss fraction (1-η) | X3: Real Power_scope (W) | Y3: Power Factor_scope | Z3: cos(φ) vs scope deviation (%) | AA3: THD (%) | AB3: Waveform | AC3: V1 (Vrms) | AD3: V2 | AE3: V3 | AF3: V4 | AG3: V5 | AH3: V6 | AI3: V7 | AJ3: V8 | AK3: V9 | AL3: V10 | AM3: T_MOSFET (°C) | AN3: Stability | AO3: Plasma state | AP3: Ignition threshold? | AQ3: Photo | AR3: Observations
A4: BLOCK 1 — DBD · V-sweep · 5 kHz · DC 100% · SQUARE · 3 turns/branch — reference point: step 7 (6.3 V) (8 steps)
A5: BLOCK 1 | B5: 1 | C5: SQUARE | D5: 3 | E5: 5 | G5: 100 | H5: 1 | I5: 0.991 | J5: 89 | K5: =IF(COUNT(J5,I5)=0,"",IFERROR(J5/1000/I5,"")) -> 0.089808274 | L5: 0.13 | M5: =IF(COUNT(H5,L5)=0,"",IFERROR(H5*L5,"")) -> 0.13 | N5: 1.983 | O5: 0.669 | P5: 0.45 | Q5: =IF(COUNT(O5,P5)=0,"",IFERROR(O5*1000/P5*1000,"")) -> 1486666.7 | S5: =IF(COUNT(O5,P5)=0,"",IFERROR(O5*P5,"")) -> 0.30105 | T5: 72.4 | U5: =IF(COUNT(T5)=0,"",IFERROR(COS(T5/180*PI()),"")) -> 0.30236989 | V5: =IF(COUNT(S5,T5)=0,"",IFERROR(S5*COS(T5/360*2*3.14),"")) -> 0.091212262 | W5: =IF(COUNT(V5,M5)=0,"",IFERROR(1-V5/M5,"")) -> 0.29836721 | Z5: =IFERROR(IF(OR(V5="",X5="",X5=0),"",(V5-X5)/X5*100),"") | AA5: =IF(COUNT(AD5,AE5,AF5,AG5,AH5,AI5,AJ5,AK5,AL5,AC5)=0,"",IFERROR(SQRT(AD5^2+AE5^2+AF5^2+AG5^2+AH5^2+AI5^2+AJ5^2+AK5^2+AL5^2)/AC5,"")) -> 0.24904076 | AB5: distorted sine | AC5: 650 | AD5: 149 | AE5: 56 | AF5: 18 | AG5: 17 | AH5: 13 | AI5: 7 | AJ5: 6 | AM5: 24 | AN5: stable | AO5: 0
A6: BLOCK 1 | B6: 2 | C6: SQUARE | D6: 3 | E6: 5 | G6: 100 | H6: 2 | I6: 1.994 | J6: 93 | K6: =IF(COUNT(J6,I6)=0,"",IFERROR(J6/1000/I6,"")) -> 0.04663992 | L6: 0.3 | M6: =IF(COUNT(H6,L6)=0,"",IFERROR(H6*L6,"")) -> 0.6 | N6: 3.45 | O6: 1.27 | P6: 0.586 | Q6: =IF(COUNT(O6,P6)=0,"",IFERROR(O6*1000/P6*1000,"")) -> 2167235.5 | S6: =IF(COUNT(O6,P6)=0,"",IFERROR(O6*P6,"")) -> 0.74422 | T6: 69.5 | U6: =IF(COUNT(T6)=0,"",IFERROR(COS(T6/180*PI()),"")) -> 0.35020738 | V6: =IF(COUNT(S6,T6)=0,"",IFERROR(S6*COS(T6/360*2*3.14),"")) -> 0.26105996 | W6: =IF(COUNT(V6,M6)=0,"",IFERROR(1-V6/M6,"")) -> 0.56490007 | Z6: =IFERROR(IF(OR(V6="",X6="",X6=0),"",(V6-X6)/X6*100),"") | AA6: =IF(COUNT(AD6,AE6,AF6,AG6,AH6,AI6,AJ6,AK6,AL6,AC6)=0,"",IFERROR(SQRT(AD6^2+AE6^2+AF6^2+AG6^2+AH6^2+AI6^2+AJ6^2+AK6^2+AL6^2)/AC6,"")) -> 0.11728272 | AB6: sine | AC6: 1268 | AD6: 133 | AE6: 49 | AF6: 35 | AG6: 24 | AH6: 12 | AI6: 9 | AM6: 25 | AN6: stable | AO6: 0
A7: BLOCK 1 | B7: 3 | C7: SQUARE | D7: 3 | E7: 5 | G7: 100 | H7: 3 | I7: 2.98 | J7: 129 | K7: =IF(COUNT(J7,I7)=0,"",IFERROR(J7/1000/I7,"")) -> 0.043288591 | L7: 0.51 | M7: =IF(COUNT(H7,L7)=0,"",IFERROR(H7*L7,"")) -> 1.53 | N7: 4.01 | O7: 1.54 | P7: 0.747 | Q7: =IF(COUNT(O7,P7)=0,"",IFERROR(O7*1000/P7*1000,"")) -> 2061579.7 | S7: =IF(COUNT(O7,P7)=0,"",IFERROR(O7*P7,"")) -> 1.15038 | T7: 68.4 | U7: =IF(COUNT(T7)=0,"",IFERROR(COS(T7/180*PI()),"")) -> 0.36812455 | V7: =IF(COUNT(S7,T7)=0,"",IFERROR(S7*COS(T7/360*2*3.14),"")) -> 0.42413037 | W7: =IF(COUNT(V7,M7)=0,"",IFERROR(1-V7/M7,"")) -> 0.72279061 | Z7: =IFERROR(IF(OR(V7="",X7="",X7=0),"",(V7-X7)/X7*100),"") | AA7: =IF(COUNT(AD7,AE7,AF7,AG7,AH7,AI7,AJ7,AK7,AL7,AC7)=0,"",IFERROR(SQRT(AD7^2+AE7^2+AF7^2+AG7^2+AH7^2+AI7^2+AJ7^2+AK7^2+AL7^2)/AC7,"")) -> 0.12821283 | AB7: sine | AC7: 1539 | AD7: 175 | AE7: 75 | AF7: 44 | AG7: 18 | AH7: 12 | AI7: 10 | AJ7: 9 | AK7: 8 | AL7: 6 | AM7: 26 | AN7: stable | AO7: 0
A8: BLOCK 1 | B8: 4 | C8: SQUARE | D8: 3 | E8: 5 | G8: 100 | H8: 4 | I8: 3.98 | J8: 155 | K8: =IF(COUNT(J8,I8)=0,"",IFERROR(J8/1000/I8,"")) -> 0.038944724 | L8: 0.73 | M8: =IF(COUNT(H8,L8)=0,"",IFERROR(H8*L8,"")) -> 2.92 | N8: 4.5 | O8: 1.71 | P8: 0.987 | Q8: =IF(COUNT(O8,P8)=0,"",IFERROR(O8*1000/P8*1000,"")) -> 1732522.8 | S8: =IF(COUNT(O8,P8)=0,"",IFERROR(O8*P8,"")) -> 1.68777 | T8: 72.3 | U8: =IF(COUNT(T8)=0,"",IFERROR(COS(T8/180*PI()),"")) -> 0.30403306 | V8: =IF(COUNT(S8,T8)=0,"",IFERROR(S8*COS(T8/360*2*3.14),"")) -> 0.51416636 | W8: =IF(COUNT(V8,M8)=0,"",IFERROR(1-V8/M8,"")) -> 0.82391563 | Z8: =IFERROR(IF(OR(V8="",X8="",X8=0),"",(V8-X8)/X8*100),"") | AA8: =IF(COUNT(AD8,AE8,AF8,AG8,AH8,AI8,AJ8,AK8,AL8,AC8)=0,"",IFERROR(SQRT(AD8^2+AE8^2+AF8^2+AG8^2+AH8^2+AI8^2+AJ8^2+AK8^2+AL8^2)/AC8,"")) -> 0.18284422 | AB8: sine | AC8: 1708 | AD8: 238 | AE8: 183 | AF8: 72 | AG8: 36 | AH8: 19 | AI8: 16 | AJ8: 10 | AK8: 10 | AL8: 10 | AM8: 29 | AN8: stable | AO8: 1 | AP8: YES | AQ8: PIC_1840_18052026
A9: BLOCK 1 | B9: 5 | C9: SQUARE | D9: 3 | E9: 5 | G9: 100 | H9: 5 | I9: 4.96 | J9: 253 | K9: =IF(COUNT(J9,I9)=0,"",IFERROR(J9/1000/I9,"")) -> 0.051008065 | L9: 1.48 | M9: =IF(COUNT(H9,L9)=0,"",IFERROR(H9*L9,"")) -> 7.4 | N9: 6.47 | O9: 2.27 | P9: 1.96 | Q9: =IF(COUNT(O9,P9)=0,"",IFERROR(O9*1000/P9*1000,"")) -> 1158163.3 | S9: =IF(COUNT(O9,P9)=0,"",IFERROR(O9*P9,"")) -> 4.4492 | T9: 70 | U9: =IF(COUNT(T9)=0,"",IFERROR(COS(T9/180*PI()),"")) -> 0.34202014 | V9: =IF(COUNT(S9,T9)=0,"",IFERROR(S9*COS(T9/360*2*3.14),"")) -> 1.5243052 | W9: =IF(COUNT(V9,M9)=0,"",IFERROR(1-V9/M9,"")) -> 0.79401281 | Z9: =IFERROR(IF(OR(V9="",X9="",X9=0),"",(V9-X9)/X9*100),"") | AA9: =IF(COUNT(AD9,AE9,AF9,AG9,AH9,AI9,AJ9,AK9,AL9,AC9)=0,"",IFERROR(SQRT(AD9^2+AE9^2+AF9^2+AG9^2+AH9^2+AI9^2+AJ9^2+AK9^2+AL9^2)/AC9,"")) -> 0.18101964 | AB9: sine | AC9: 2242 | AD9: 321 | AE9: 199 | AF9: 121 | AG9: 67 | AH9: 38 | AI9: 27 | AJ9: 21 | AK9: 15 | AL9: 10 | AM9: 34 | AN9: unstable | AO9: 1
A10: BLOCK 1 | B10: 6 | C10: SQUARE | D10: 3 | E10: 5 | G10: 100 | H10: 6 | I10: 5.96 | J10: 491 | K10: =IF(COUNT(J10,I10)=0,"",IFERROR(J10/1000/I10,"")) -> 0.08238255 | L10: 1.78 | M10: =IF(COUNT(H10,L10)=0,"",IFERROR(H10*L10,"")) -> 10.68 | N10: 8.21 | O10: 3.035 | P10: 3.168 | Q10: =IF(COUNT(O10,P10)=0,"",IFERROR(O10*1000/P10*1000,"")) -> 958017.68 | R10: 6.8 | S10: =IF(COUNT(O10,P10)=0,"",IFERROR(O10*P10,"")) -> 9.61488 | T10: 73.9 | U10: =IF(COUNT(T10)=0,"",IFERROR(COS(T10/180*PI()),"")) -> 0.27731465 | V10: =IF(COUNT(S10,T10)=0,"",IFERROR(S10*COS(T10/360*2*3.14),"")) -> 2.6723869 | W10: =IF(COUNT(V10,M10)=0,"",IFERROR(1-V10/M10,"")) -> 0.74977651 | Z10: =IFERROR(IF(OR(V10="",X10="",X10=0),"",(V10-X10)/X10*100),"") | AA10: =IF(COUNT(AD10,AE10,AF10,AG10,AH10,AI10,AJ10,AK10,AL10,AC10)=0,"",IFERROR(SQRT(AD10^2+AE10^2+AF10^2+AG10^2+AH10^2+AI10^2+AJ10^2+AK10^2+AL10^2)/AC10,"")) -> 0.18826667 | AB10: slightly distorted sine | AC10: 2961 | AD10: 446 | AE10: 209 | AF10: 175 | AG10: 153 | AH10: 71 | AI10: 53 | AJ10: 53 | AK10: 45 | AL10: 38 | AM10: 50 | AN10: unstable | AO10: 1 | AR10: Sudden current increase, then decrease -> impedance change?
A11: BLOCK 1 | B11: 7 | C11: SQUARE | D11: 3 | E11: 5 | G11: 100 | H11: 6.3 | I11: 6.24 | J11: 582 | K11: =IF(COUNT(J11,I11)=0,"",IFERROR(J11/1000/I11,"")) -> 0.093269231 | L11: 1.89 | M11: =IF(COUNT(H11,L11)=0,"",IFERROR(H11*L11,"")) -> 11.907 | N11: 8.69 | O11: 3.25 | P11: 3.483 | Q11: =IF(COUNT(O11,P11)=0,"",IFERROR(O11*1000/P11*1000,"")) -> 933103.65 | R11: 7.56 | S11: =IF(COUNT(O11,P11)=0,"",IFERROR(O11*P11,"")) -> 11.31975 | T11: 74.9 | U11: =IF(COUNT(T11)=0,"",IFERROR(COS(T11/180*PI()),"")) -> 0.26050451 | V11: =IF(COUNT(S11,T11)=0,"",IFERROR(S11*COS(T11/360*2*3.14),"")) -> 2.9560881 | W11: =IF(COUNT(V11,M11)=0,"",IFERROR(1-V11/M11,"")) -> 0.75173528 | Z11: =IFERROR(IF(OR(V11="",X11="",X11=0),"",(V11-X11)/X11*100),"") | AA11: =IF(COUNT(AD11,AE11,AF11,AG11,AH11,AI11,AJ11,AK11,AL11,AC11)=0,"",IFERROR(SQRT(AD11^2+AE11^2+AF11^2+AG11^2+AH11^2+AI11^2+AJ11^2+AK11^2+AL11^2)/AC11,"")) -> 0.20006202 | AB11: slightly distorted sine | AC11: 3158 | AD11: 502 | AE11: 232 | AF11: 209 | AG11: 180 | AH11: 86 | AI11: 69 | AJ11: 50 | AK11: 38 | AL11: 34 | AM11: 51 | AN11: stable | AO11: 1
A12: BLOCK 1 | B12: 8 | C12: SQUARE | D12: 3 | E12: 5 | G12: 100 | H12: 7 | I12: 6.96 | J12: 335 | K12: =IF(COUNT(J12,I12)=0,"",IFERROR(J12/1000/I12,"")) -> 0.048132184 | L12: 3.01 | M12: =IF(COUNT(H12,L12)=0,"",IFERROR(H12*L12,"")) -> 21.07 | N12: 10.03 | O12: 3.75 | P12: 4.59 | Q12: =IF(COUNT(O12,P12)=0,"",IFERROR(O12*1000/P12*1000,"")) -> 816993.46 | R12: 11.56 | S12: =IF(COUNT(O12,P12)=0,"",IFERROR(O12*P12,"")) -> 17.2125 | T12: 88.4 | U12: =IF(COUNT(T12)=0,"",IFERROR(COS(T12/180*PI()),"")) -> 0.027921639 | V12: =IF(COUNT(S12,T12)=0,"",IFERROR(S12*COS(T12/360*2*3.14),"")) -> 0.49405891 | W12: =IF(COUNT(V12,M12)=0,"",IFERROR(1-V12/M12,"")) -> 0.97655155 | Z12: =IFERROR(IF(OR(V12="",X12="",X12=0),"",(V12-X12)/X12*100),"") | AA12: =IF(COUNT(AD12,AE12,AF12,AG12,AH12,AI12,AJ12,AK12,AL12,AC12)=0,"",IFERROR(SQRT(AD12^2+AE12^2+AF12^2+AG12^2+AH12^2+AI12^2+AJ12^2+AK12^2+AL12^2)/AC12,"")) -> 0.30830999 | AB12: strongly distorted sine | AC12: 3559 | AD12: 623 | AE12: 573 | AF12: 442 | AG12: 357 | AH12: 311 | AI12: 204 | AJ12: 144 | AK12: 65 | AL12: 38 | AM12: 69 | AN12: stable | AO12: 1 | AQ12: PIC_1245_19052026 | AR12: close to the current limit (current keeps rising slightly)
A13: BLOCK 2 — DBD · V-sweep · 5 kHz · PULSE 1kHz@10%DC · 3 turns/branch (harmonics V1–V10 not recorded for steps 6–8; stopped above 20 V, buck limit)
A14: BLOCK 2 | B14: 1 | C14: PULSE | D14: 3 | E14: 5 | F14: 1 | G14: 10 | H14: 1 | J14: 215 | K14: =IF(COUNT(J14,I14)=0,"",IFERROR(J14/1000/I14,"")) | L14: 0.06 | M14: =IF(COUNT(H14,L14)=0,"",IFERROR(H14*L14,"")) -> 0.06 | N14: 1.79 | O14: 0.21 | P14: 0.096 | Q14: =IF(COUNT(O14,P14)=0,"",IFERROR(O14*1000/P14*1000,"")) -> 2187500 | R14: 0.047 | S14: =IF(COUNT(O14,P14)=0,"",IFERROR(O14*P14,"")) -> 0.02016 | T14: 77.8 | U14: =IF(COUNT(T14)=0,"",IFERROR(COS(T14/180*PI()),"")) -> 0.2113248 | V14: =IF(COUNT(S14,T14)=0,"",IFERROR(S14*COS(T14/360*2*3.14),"")) -> 0.0042738712 | W14: =IF(COUNT(V14,M14)=0,"",IFERROR(1-V14/M14,"")) -> 0.92876881 | Z14: =IFERROR(IF(OR(V14="",X14="",X14=0),"",(V14-X14)/X14*100),"") | AA14: =IF(COUNT(AD14,AE14,AF14,AG14,AH14,AI14,AJ14,AK14,AL14,AC14)=0,"",IFERROR(SQRT(AD14^2+AE14^2+AF14^2+AG14^2+AH14^2+AI14^2+AJ14^2+AK14^2+AL14^2)/AC14,"")) -> 2.4832699 | AB14: Pulse with damping | AC14: 67 | AD14: 67 | AE14: 64 | AF14: 61 | AG14: 57 | AH14: 55 | AI14: 51 | AJ14: 46 | AK14: 52 | AL14: 41 | AM14: 24 | AN14: stable | AO14: 0 | AQ14: PIC_1814_19052026
A15: BLOCK 2 | B15: 2 | C15: PULSE | D15: 3 | E15: 5 | F15: 1 | G15: 10 | H15: 2 | J15: 199 | K15: =IF(COUNT(J15,I15)=0,"",IFERROR(J15/1000/I15,"")) | L15: 0.08 | M15: =IF(COUNT(H15,L15)=0,"",IFERROR(H15*L15,"")) -> 0.16 | N15: 1.98 | O15: 0.237 | P15: 0.104 | Q15: =IF(COUNT(O15,P15)=0,"",IFERROR(O15*1000/P15*1000,"")) -> 2278846.2 | R15: 0.072 | S15: =IF(COUNT(O15,P15)=0,"",IFERROR(O15*P15,"")) -> 0.024648 | T15: 72 | U15: =IF(COUNT(T15)=0,"",IFERROR(COS(T15/180*PI()),"")) -> 0.30901699 | V15: =IF(COUNT(S15,T15)=0,"",IFERROR(S15*COS(T15/360*2*3.14),"")) -> 0.0076315831 | W15: =IF(COUNT(V15,M15)=0,"",IFERROR(1-V15/M15,"")) -> 0.95230261 | Z15: =IFERROR(IF(OR(V15="",X15="",X15=0),"",(V15-X15)/X15*100),"") | AA15: =IF(COUNT(AD15,AE15,AF15,AG15,AH15,AI15,AJ15,AK15,AL15,AC15)=0,"",IFERROR(SQRT(AD15^2+AE15^2+AF15^2+AG15^2+AH15^2+AI15^2+AJ15^2+AK15^2+AL15^2)/AC15,"")) -> 2.4354409 | AC15: 102 | AD15: 96 | AE15: 95 | AF15: 89 | AG15: 86 | AH15: 87 | AI15: 83 | AJ15: 75 | AK15: 65 | AL15: 62 | AM15: 24 | AN15: stable | AO15: 0
A16: BLOCK 2 | B16: 3 | C16: PULSE | D16: 3 | E16: 5 | F16: 1 | G16: 10 | H16: 3 | J16: 355 | K16: =IF(COUNT(J16,I16)=0,"",IFERROR(J16/1000/I16,"")) | L16: 0.08 | M16: =IF(COUNT(H16,L16)=0,"",IFERROR(H16*L16,"")) -> 0.24 | N16: 3.93 | O16: 0.455 | P16: 0.163 | Q16: =IF(COUNT(O16,P16)=0,"",IFERROR(O16*1000/P16*1000,"")) -> 2791411 | R16: 0.151 | S16: =IF(COUNT(O16,P16)=0,"",IFERROR(O16*P16,"")) -> 0.074165 | T16: 68 | U16: =IF(COUNT(T16)=0,"",IFERROR(COS(T16/180*PI()),"")) -> 0.37460659 | V16: =IF(COUNT(S16,T16)=0,"",IFERROR(S16*COS(T16/360*2*3.14),"")) -> 0.027824067 | W16: =IF(COUNT(V16,M16)=0,"",IFERROR(1-V16/M16,"")) -> 0.88406639 | Z16: =IFERROR(IF(OR(V16="",X16="",X16=0),"",(V16-X16)/X16*100),"") | AA16: =IF(COUNT(AD16,AE16,AF16,AG16,AH16,AI16,AJ16,AK16,AL16,AC16)=0,"",IFERROR(SQRT(AD16^2+AE16^2+AF16^2+AG16^2+AH16^2+AI16^2+AJ16^2+AK16^2+AL16^2)/AC16,"")) -> 2.3258994 | AC16: 162 | AD16: 151 | AE16: 150 | AF16: 142 | AG16: 135 | AH16: 133 | AI16: 116 | AJ16: 108 | AK16: 100 | AL16: 74 | AM16: 24 | AN16: stable | AO16: 0
A17: BLOCK 2 | B17: 4 | C17: PULSE | D17: 3 | E17: 5 | F17: 1 | G17: 10 | H17: 4 | J17: 359 | K17: =IF(COUNT(J17,I17)=0,"",IFERROR(J17/1000/I17,"")) | L17: 0.09 | M17: =IF(COUNT(H17,L17)=0,"",IFERROR(H17*L17,"")) -> 0.36 | N17: 3.95 | O17: 0.457 | P17: 0.164 | Q17: =IF(COUNT(O17,P17)=0,"",IFERROR(O17*1000/P17*1000,"")) -> 2786585.4 | R17: 0.153 | S17: =IF(COUNT(O17,P17)=0,"",IFERROR(O17*P17,"")) -> 0.074948 | T17: 68 | U17: =IF(COUNT(T17)=0,"",IFERROR(COS(T17/180*PI()),"")) -> 0.37460659 | V17: =IF(COUNT(S17,T17)=0,"",IFERROR(S17*COS(T17/360*2*3.14),"")) -> 0.02811782 | W17: =IF(COUNT(V17,M17)=0,"",IFERROR(1-V17/M17,"")) -> 0.92189494 | Z17: =IFERROR(IF(OR(V17="",X17="",X17=0),"",(V17-X17)/X17*100),"") | AA17: =IF(COUNT(AD17,AE17,AF17,AG17,AH17,AI17,AJ17,AK17,AL17,AC17)=0,"",IFERROR(SQRT(AD17^2+AE17^2+AF17^2+AG17^2+AH17^2+AI17^2+AJ17^2+AK17^2+AL17^2)/AC17,"")) -> 2.3121669 | AC17: 165 | AD17: 154 | AE17: 154 | AF17: 143 | AG17: 136 | AH17: 134 | AI17: 119 | AJ17: 105 | AK17: 102 | AL17: 75 | AM17: 25 | AN17: stable | AO17: 0
A18: BLOCK 2 | B18: 5 | C18: PULSE | D18: 3 | E18: 5 | F18: 1 | G18: 10 | H18: 5 | J18: 371 | K18: =IF(COUNT(J18,I18)=0,"",IFERROR(J18/1000/I18,"")) | L18: 0.09 | M18: =IF(COUNT(H18,L18)=0,"",IFERROR(H18*L18,"")) -> 0.45 | N18: 3.98 | O18: 0.464 | P18: 0.169 | Q18: =IF(COUNT(O18,P18)=0,"",IFERROR(O18*1000/P18*1000,"")) -> 2745562.1 | R18: 0.16 | S18: =IF(COUNT(O18,P18)=0,"",IFERROR(O18*P18,"")) -> 0.078416 | T18: 68 | U18: =IF(COUNT(T18)=0,"",IFERROR(COS(T18/180*PI()),"")) -> 0.37460659 | V18: =IF(COUNT(S18,T18)=0,"",IFERROR(S18*COS(T18/360*2*3.14),"")) -> 0.02941889 | W18: =IF(COUNT(V18,M18)=0,"",IFERROR(1-V18/M18,"")) -> 0.93462469 | Z18: =IFERROR(IF(OR(V18="",X18="",X18=0),"",(V18-X18)/X18*100),"") | AA18: =IF(COUNT(AD18,AE18,AF18,AG18,AH18,AI18,AJ18,AK18,AL18,AC18)=0,"",IFERROR(SQRT(AD18^2+AE18^2+AF18^2+AG18^2+AH18^2+AI18^2+AJ18^2+AK18^2+AL18^2)/AC18,"")) -> 2.3356953 | AC18: 166 | AD18: 157 | AE18: 156 | AF18: 145 | AG18: 139 | AH18: 135 | AI18: 121 | AJ18: 105 | AK18: 105 | AL18: 78 | AM18: 25 | AN18: stable | AO18: 0
A19: BLOCK 2 | B19: 6 | C19: PULSE | D19: 3 | E19: 5 | F19: 1 | G19: 10 | H19: 10 | J19: 566 | K19: =IF(COUNT(J19,I19)=0,"",IFERROR(J19/1000/I19,"")) | L19: 0.09 | M19: =IF(COUNT(H19,L19)=0,"",IFERROR(H19*L19,"")) -> 0.9 | N19: 4.48 | O19: 0.52 | P19: 0.227 | Q19: =IF(COUNT(O19,P19)=0,"",IFERROR(O19*1000/P19*1000,"")) -> 2290748.9 | R19: 0.222 | S19: =IF(COUNT(O19,P19)=0,"",IFERROR(O19*P19,"")) -> 0.11804 | T19: 72 | U19: =IF(COUNT(T19)=0,"",IFERROR(COS(T19/180*PI()),"")) -> 0.30901699 | V19: =IF(COUNT(S19,T19)=0,"",IFERROR(S19*COS(T19/360*2*3.14),"")) -> 0.036547877 | W19: =IF(COUNT(V19,M19)=0,"",IFERROR(1-V19/M19,"")) -> 0.95939125 | Z19: =IFERROR(IF(OR(V19="",X19="",X19=0),"",(V19-X19)/X19*100),"") | AA19: =IF(COUNT(AD19,AE19,AF19,AG19,AH19,AI19,AJ19,AK19,AL19,AC19)=0,"",IFERROR(SQRT(AD19^2+AE19^2+AF19^2+AG19^2+AH19^2+AI19^2+AJ19^2+AK19^2+AL19^2)/AC19,""))
A20: BLOCK 2 | B20: 7 | C20: PULSE | D20: 3 | E20: 5 | F20: 1 | G20: 10 | H20: 15 | J20: 566 | K20: =IF(COUNT(J20,I20)=0,"",IFERROR(J20/1000/I20,"")) | L20: 0.1 | M20: =IF(COUNT(H20,L20)=0,"",IFERROR(H20*L20,"")) -> 1.5 | N20: 4.67 | O20: 0.531 | P20: 0.229 | Q20: =IF(COUNT(O20,P20)=0,"",IFERROR(O20*1000/P20*1000,"")) -> 2318777.3 | R20: 0.241 | S20: =IF(COUNT(O20,P20)=0,"",IFERROR(O20*P20,"")) -> 0.121599 | T20: 68.5 | U20: =IF(COUNT(T20)=0,"",IFERROR(COS(T20/180*PI()),"")) -> 0.36650123 | V20: =IF(COUNT(S20,T20)=0,"",IFERROR(S20*COS(T20/360*2*3.14),"")) -> 0.044634747 | W20: =IF(COUNT(V20,M20)=0,"",IFERROR(1-V20/M20,"")) -> 0.9702435 | Z20: =IFERROR(IF(OR(V20="",X20="",X20=0),"",(V20-X20)/X20*100),"") | AA20: =IF(COUNT(AD20,AE20,AF20,AG20,AH20,AI20,AJ20,AK20,AL20,AC20)=0,"",IFERROR(SQRT(AD20^2+AE20^2+AF20^2+AG20^2+AH20^2+AI20^2+AJ20^2+AK20^2+AL20^2)/AC20,""))
A21: BLOCK 2 | B21: 8 | C21: PULSE | D21: 3 | E21: 5 | F21: 1 | G21: 10 | H21: 20 | J21: 582 | K21: =IF(COUNT(J21,I21)=0,"",IFERROR(J21/1000/I21,"")) | L21: 0.1 | M21: =IF(COUNT(H21,L21)=0,"",IFERROR(H21*L21,"")) -> 2 | N21: 4.75 | O21: 0.539 | P21: 0.238 | Q21: =IF(COUNT(O21,P21)=0,"",IFERROR(O21*1000/P21*1000,"")) -> 2264705.9 | R21: 0.256 | S21: =IF(COUNT(O21,P21)=0,"",IFERROR(O21*P21,"")) -> 0.128282 | T21: 68.5 | U21: =IF(COUNT(T21)=0,"",IFERROR(COS(T21/180*PI()),"")) -> 0.36650123 | V21: =IF(COUNT(S21,T21)=0,"",IFERROR(S21*COS(T21/360*2*3.14),"")) -> 0.047087842 | W21: =IF(COUNT(V21,M21)=0,"",IFERROR(1-V21/M21,"")) -> 0.97645608 | Z21: =IFERROR(IF(OR(V21="",X21="",X21=0),"",(V21-X21)/X21*100),"") | AA21: =IF(COUNT(AD21,AE21,AF21,AG21,AH21,AI21,AJ21,AK21,AL21,AC21)=0,"",IFERROR(SQRT(AD21^2+AE21^2+AF21^2+AG21^2+AH21^2+AI21^2+AJ21^2+AK21^2+AL21^2)/AC21,""))
A22: BLOCK 3 — DBD · V-sweep · 5 kHz · DC 50% · SQUARE · 3 turns/branch (9 steps)
A23: BLOCK 3 | B23: 1 | C23: SQUARE | D23: 3 | E23: 5 | G23: 50 | H23: 1 | J23: 80 | K23: =IF(COUNT(J23,I23)=0,"",IFERROR(J23/1000/I23,"")) | L23: 0.09 | M23: =IF(COUNT(H23,L23)=0,"",IFERROR(H23*L23,"")) -> 0.09 | N23: 1.77 | O23: 0.624 | P23: 0.219 | Q23: =IF(COUNT(O23,P23)=0,"",IFERROR(O23*1000/P23*1000,"")) -> 2849315.1 | R23: 0.118 | S23: =IF(COUNT(O23,P23)=0,"",IFERROR(O23*P23,"")) -> 0.136656 | T23: 66.8 | U23: =IF(COUNT(T23)=0,"",IFERROR(COS(T23/180*PI()),"")) -> 0.39394191 | V23: =IF(COUNT(S23,T23)=0,"",IFERROR(S23*COS(T23/360*2*3.14),"")) -> 0.053908755 | W23: =IF(COUNT(V23,M23)=0,"",IFERROR(1-V23/M23,"")) -> 0.40101383 | Z23: =IFERROR(IF(OR(V23="",X23="",X23=0),"",(V23-X23)/X23*100),"") | AA23: =IF(COUNT(AD23,AE23,AF23,AG23,AH23,AI23,AJ23,AK23,AL23,AC23)=0,"",IFERROR(SQRT(AD23^2+AE23^2+AF23^2+AG23^2+AH23^2+AI23^2+AJ23^2+AK23^2+AL23^2)/AC23,"")) -> 0.18427253 | AB23: distorted sine | AC23: 606 | AD23: 96 | AE23: 54 | AF23: 13 | AG23: 13 | AM23: 24 | AN23: stable | AO23: 0
A24: BLOCK 3 | B24: 2 | C24: SQUARE | D24: 3 | E24: 5 | G24: 50 | H24: 2 | J24: 140 | K24: =IF(COUNT(J24,I24)=0,"",IFERROR(J24/1000/I24,"")) | L24: 0.1 | M24: =IF(COUNT(H24,L24)=0,"",IFERROR(H24*L24,"")) -> 0.2 | N24: 3.24 | O24: 1.166 | P24: 0.341 | Q24: =IF(COUNT(O24,P24)=0,"",IFERROR(O24*1000/P24*1000,"")) -> 3419354.8 | R24: 0.236 | S24: =IF(COUNT(O24,P24)=0,"",IFERROR(O24*P24,"")) -> 0.397606 | T24: 67.7 | U24: =IF(COUNT(T24)=0,"",IFERROR(COS(T24/180*PI()),"")) -> 0.37945616 | V24: =IF(COUNT(S24,T24)=0,"",IFERROR(S24*COS(T24/360*2*3.14),"")) -> 0.15109438 | W24: =IF(COUNT(V24,M24)=0,"",IFERROR(1-V24/M24,"")) -> 0.24452811 | Z24: =IFERROR(IF(OR(V24="",X24="",X24=0),"",(V24-X24)/X24*100),"") | AA24: =IF(COUNT(AD24,AE24,AF24,AG24,AH24,AI24,AJ24,AK24,AL24,AC24)=0,"",IFERROR(SQRT(AD24^2+AE24^2+AF24^2+AG24^2+AH24^2+AI24^2+AJ24^2+AK24^2+AL24^2)/AC24,"")) -> 0.0971545 | AB24: sine | AC24: 1142 | AD24: 101 | AE24: 42 | AF24: 14 | AG24: 10 | AH24: 7 | AM24: 24 | AN24: stable | AO24: 0
A25: BLOCK 3 | B25: 3 | C25: SQUARE | D25: 3 | E25: 5 | G25: 50 | H25: 3 | J25: 95 | K25: =IF(COUNT(J25,I25)=0,"",IFERROR(J25/1000/I25,"")) | L25: 0.13 | M25: =IF(COUNT(H25,L25)=0,"",IFERROR(H25*L25,"")) -> 0.39 | N25: 3.86 | O25: 1.4 | P25: 0.469 | Q25: =IF(COUNT(O25,P25)=0,"",IFERROR(O25*1000/P25*1000,"")) -> 2985074.6 | R25: 0.593 | S25: =IF(COUNT(O25,P25)=0,"",IFERROR(O25*P25,"")) -> 0.6566 | T25: 64.7 | U25: =IF(COUNT(T25)=0,"",IFERROR(COS(T25/180*PI()),"")) -> 0.42735786 | V25: =IF(COUNT(S25,T25)=0,"",IFERROR(S25*COS(T25/360*2*3.14),"")) -> 0.28094296 | W25: =IF(COUNT(V25,M25)=0,"",IFERROR(1-V25/M25,"")) -> 0.27963344 | Z25: =IFERROR(IF(OR(V25="",X25="",X25=0),"",(V25-X25)/X25*100),"") | AA25: =IF(COUNT(AD25,AE25,AF25,AG25,AH25,AI25,AJ25,AK25,AL25,AC25)=0,"",IFERROR(SQRT(AD25^2+AE25^2+AF25^2+AG25^2+AH25^2+AI25^2+AJ25^2+AK25^2+AL25^2)/AC25,"")) -> 0.083583543 | AB25: sine | AC25: 1378 | AD25: 98 | AE25: 55 | AF25: 22 | AG25: 9 | AH25: 6 | AI25: 6 | AM25: 25 | AN25: stable | AO25: 0
A26: BLOCK 3 | B26: 4 | C26: SQUARE | D26: 3 | E26: 5 | G26: 50 | H26: 4 | J26: 115 | K26: =IF(COUNT(J26,I26)=0,"",IFERROR(J26/1000/I26,"")) | L26: 0.16 | M26: =IF(COUNT(H26,L26)=0,"",IFERROR(H26*L26,"")) -> 0.64 | N26: 4.01 | O26: 1.45 | P26: 0.516 | Q26: =IF(COUNT(O26,P26)=0,"",IFERROR(O26*1000/P26*1000,"")) -> 2810077.5 | R26: 0.7 | S26: =IF(COUNT(O26,P26)=0,"",IFERROR(O26*P26,"")) -> 0.7482 | T26: 65.6 | U26: =IF(COUNT(T26)=0,"",IFERROR(COS(T26/180*PI()),"")) -> 0.41310443 | V26: =IF(COUNT(S26,T26)=0,"",IFERROR(S26*COS(T26/360*2*3.14),"")) -> 0.30948017 | W26: =IF(COUNT(V26,M26)=0,"",IFERROR(1-V26/M26,"")) -> 0.51643723 | Z26: =IFERROR(IF(OR(V26="",X26="",X26=0),"",(V26-X26)/X26*100),"") | AA26: =IF(COUNT(AD26,AE26,AF26,AG26,AH26,AI26,AJ26,AK26,AL26,AC26)=0,"",IFERROR(SQRT(AD26^2+AE26^2+AF26^2+AG26^2+AH26^2+AI26^2+AJ26^2+AK26^2+AL26^2)/AC26,"")) -> 0.084008119 | AB26: sine | AC26: 1432 | AD26: 99 | AE26: 60 | AF26: 28 | AG26: 9 | AH26: 9 | AI26: 8 | AJ26: 6 | AK26: 5 | AM26: 26 | AN26: stable | AO26: 1 | AP26: YES
A27: BLOCK 3 | B27: 5 | C27: SQUARE | D27: 3 | E27: 5 | G27: 50 | H27: 5 | J27: 127 | K27: =IF(COUNT(J27,I27)=0,"",IFERROR(J27/1000/I27,"")) | L27: 0.21 | M27: =IF(COUNT(H27,L27)=0,"",IFERROR(H27*L27,"")) -> 1.05 | N27: 4.13 | O27: 1.48 | P27: 0.558 | Q27: =IF(COUNT(O27,P27)=0,"",IFERROR(O27*1000/P27*1000,"")) -> 2652329.7 | R27: 0.78 | S27: =IF(COUNT(O27,P27)=0,"",IFERROR(O27*P27,"")) -> 0.82584 | T27: 67 | U27: =IF(COUNT(T27)=0,"",IFERROR(COS(T27/180*PI()),"")) -> 0.39073113 | V27: =IF(COUNT(S27,T27)=0,"",IFERROR(S27*COS(T27/360*2*3.14),"")) -> 0.32313199 | W27: =IF(COUNT(V27,M27)=0,"",IFERROR(1-V27/M27,"")) -> 0.69225524 | Z27: =IFERROR(IF(OR(V27="",X27="",X27=0),"",(V27-X27)/X27*100),"") | AA27: =IF(COUNT(AD27,AE27,AF27,AG27,AH27,AI27,AJ27,AK27,AL27,AC27)=0,"",IFERROR(SQRT(AD27^2+AE27^2+AF27^2+AG27^2+AH27^2+AI27^2+AJ27^2+AK27^2+AL27^2)/AC27,"")) -> 0.083921379 | AB27: sine | AC27: 1461 | AD27: 100 | AE27: 61 | AF27: 31 | AG27: 11 | AH27: 9 | AI27: 8 | AJ27: 7 | AK27: 6 | AM27: 27 | AN27: stable | AO27: 1 | AQ27: PIC_1905_19052026 | AR27: noticeable current peak
A28: BLOCK 3 | B28: 6 | C28: SQUARE | D28: 3 | E28: 5 | G28: 50 | H28: 6 | J28: 151 | K28: =IF(COUNT(J28,I28)=0,"",IFERROR(J28/1000/I28,"")) | L28: 0.26 | M28: =IF(COUNT(H28,L28)=0,"",IFERROR(H28*L28,"")) -> 1.56 | N28: 4.21 | O28: 1.51 | P28: 0.603 | Q28: =IF(COUNT(O28,P28)=0,"",IFERROR(O28*1000/P28*1000,"")) -> 2504145.9 | R28: 0.86 | S28: =IF(COUNT(O28,P28)=0,"",IFERROR(O28*P28,"")) -> 0.91053 | T28: 70.6 | U28: =IF(COUNT(T28)=0,"",IFERROR(COS(T28/180*PI()),"")) -> 0.33216113 | V28: =IF(COUNT(S28,T28)=0,"",IFERROR(S28*COS(T28/360*2*3.14),"")) -> 0.30297911 | W28: =IF(COUNT(V28,M28)=0,"",IFERROR(1-V28/M28,"")) -> 0.80578262 | Z28: =IFERROR(IF(OR(V28="",X28="",X28=0),"",(V28-X28)/X28*100),"") | AA28: =IF(COUNT(AD28,AE28,AF28,AG28,AH28,AI28,AJ28,AK28,AL28,AC28)=0,"",IFERROR(SQRT(AD28^2+AE28^2+AF28^2+AG28^2+AH28^2+AI28^2+AJ28^2+AK28^2+AL28^2)/AC28,"")) -> 0.04773647 | AB28: sine | AC28: 1409 | AD28: 65 | AE28: 13 | AF28: 9 | AG28: 7 | AM28: 29 | AN28: stable | AO28: 1
A29: BLOCK 3 | B29: 7 | C29: SQUARE | D29: 3 | E29: 5 | G29: 50 | H29: 8 | J29: 159 | K29: =IF(COUNT(J29,I29)=0,"",IFERROR(J29/1000/I29,"")) | L29: 0.31 | M29: =IF(COUNT(H29,L29)=0,"",IFERROR(H29*L29,"")) -> 2.48 | N29: 4.39 | O29: 1.56 | P29: 0.712 | Q29: =IF(COUNT(O29,P29)=0,"",IFERROR(O29*1000/P29*1000,"")) -> 2191011.2 | R29: 1.07 | S29: =IF(COUNT(O29,P29)=0,"",IFERROR(O29*P29,"")) -> 1.11072 | T29: 72 | U29: =IF(COUNT(T29)=0,"",IFERROR(COS(T29/180*PI()),"")) -> 0.30901699 | V29: =IF(COUNT(S29,T29)=0,"",IFERROR(S29*COS(T29/360*2*3.14),"")) -> 0.34390425 | W29: =IF(COUNT(V29,M29)=0,"",IFERROR(1-V29/M29,"")) -> 0.86132893 | Z29: =IFERROR(IF(OR(V29="",X29="",X29=0),"",(V29-X29)/X29*100),"") | AA29: =IF(COUNT(AD29,AE29,AF29,AG29,AH29,AI29,AJ29,AK29,AL29,AC29)=0,"",IFERROR(SQRT(AD29^2+AE29^2+AF29^2+AG29^2+AH29^2+AI29^2+AJ29^2+AK29^2+AL29^2)/AC29,"")) -> 0.049250932 | AB29: sine | AC29: 1465 | AD29: 69 | AE29: 18 | AF29: 11 | AM29: 38 | AN29: stable | AO29: 1
A30: BLOCK 3 | B30: 8 | C30: SQUARE | D30: 3 | E30: 5 | G30: 50 | H30: 9 | J30: 853 | K30: =IF(COUNT(J30,I30)=0,"",IFERROR(J30/1000/I30,"")) | L30: 2.2 | M30: =IF(COUNT(H30,L30)=0,"",IFERROR(H30*L30,"")) -> 19.8 | N30: 9.18 | O30: 3.11 | P30: 4.57 | Q30: =IF(COUNT(O30,P30)=0,"",IFERROR(O30*1000/P30*1000,"")) -> 680525.16 | R30: 14 | S30: =IF(COUNT(O30,P30)=0,"",IFERROR(O30*P30,"")) -> 14.2127 | T30: 74.5 | U30: =IF(COUNT(T30)=0,"",IFERROR(COS(T30/180*PI()),"")) -> 0.26723838 | V30: =IF(COUNT(S30,T30)=0,"",IFERROR(S30*COS(T30/360*2*3.14),"")) -> 3.8072061 | W30: =IF(COUNT(V30,M30)=0,"",IFERROR(1-V30/M30,"")) -> 0.80771687 | Z30: =IFERROR(IF(OR(V30="",X30="",X30=0),"",(V30-X30)/X30*100),"") | AA30: =IF(COUNT(AD30,AE30,AF30,AG30,AH30,AI30,AJ30,AK30,AL30,AC30)=0,"",IFERROR(SQRT(AD30^2+AE30^2+AF30^2+AG30^2+AH30^2+AI30^2+AJ30^2+AK30^2+AL30^2)/AC30,"")) -> 0.21031414 | AB30: peaked sine | AC30: 3011 | AD30: 460 | AE30: 417 | AF30: 68 | AG30: 63 | AH30: 56 | AI30: 39 | AJ30: 32 | AK30: 25 | AL30: 25 | AM30: 107 | AN30: stable | AO30: 1 | AQ30: PIC_1924_19052026
A31: BLOCK 3 | B31: 9 | C31: SQUARE | D31: 3 | E31: 5 | G31: 50 | H31: 10 | K31: =IF(COUNT(J31,I31)=0,"",IFERROR(J31/1000/I31,"")) | M31: =IF(COUNT(H31,L31)=0,"",IFERROR(H31*L31,"")) -> 0 | Q31: =IF(COUNT(O31,P31)=0,"",IFERROR(O31*1000/P31*1000,"")) | S31: =IF(COUNT(O31,P31)=0,"",IFERROR(O31*P31,"")) | U31: =IF(COUNT(T31)=0,"",IFERROR(COS(T31/180*PI()),"")) | V31: =IF(COUNT(S31,T31)=0,"",IFERROR(S31*COS(T31/360*2*3.14),"")) | W31: =IF(COUNT(V31,M31)=0,"",IFERROR(1-V31/M31,"")) | Z31: =IFERROR(IF(OR(V31="",X31="",X31=0),"",(V31-X31)/X31*100),"") | AA31: =IF(COUNT(AD31,AE31,AF31,AG31,AH31,AI31,AJ31,AK31,AL31,AC31)=0,"",IFERROR(SQRT(AD31^2+AE31^2+AF31^2+AG31^2+AH31^2+AI31^2+AJ31^2+AK31^2+AL31^2)/AC31,"")) | AR31: 3.3 A current limit reached
A32: BLOCK 4 — DBD · V-sweep · 10 kHz · DC 100% · SQUARE · 3 turns/branch (stopped at the current limit, step 6)
A33: BLOCK 4 | B33: 1 | C33: SQUARE | D33: 3 | E33: 10 | G33: 100 | H33: 1 | I33: 0.991 | J33: 111 | K33: =IF(COUNT(J33,I33)=0,"",IFERROR(J33/1000/I33,"")) -> 0.11200807 | L33: 0.33 | M33: =IF(COUNT(H33,L33)=0,"",IFERROR(H33*L33,"")) -> 0.33 | N33: 1.25 | O33: 0.403 | P33: 0.604 | Q33: =IF(COUNT(O33,P33)=0,"",IFERROR(O33*1000/P33*1000,"")) -> 667218.54 | R33: 0.249 | S33: =IF(COUNT(O33,P33)=0,"",IFERROR(O33*P33,"")) -> 0.243412 | T33: 63.7 | U33: =IF(COUNT(T33)=0,"",IFERROR(COS(T33/180*PI()),"")) -> 0.44307119 | V33: =IF(COUNT(S33,T33)=0,"",IFERROR(S33*COS(T33/360*2*3.14),"")) -> 0.10797182 | W33: =IF(COUNT(V33,M33)=0,"",IFERROR(1-V33/M33,"")) -> 0.67281267 | Z33: =IFERROR(IF(OR(V33="",X33="",X33=0),"",(V33-X33)/X33*100),"") | AA33: =IF(COUNT(AD33,AE33,AF33,AG33,AH33,AI33,AJ33,AK33,AL33,AC33)=0,"",IFERROR(SQRT(AD33^2+AE33^2+AF33^2+AG33^2+AH33^2+AI33^2+AJ33^2+AK33^2+AL33^2)/AC33,"")) -> 0.19741735 | AB33: sine - triangle | AC33: 383 | AD33: 71 | AE33: 24 | AF33: 10 | AM33: 24 | AN33: stable | AO33: 0
A34: BLOCK 4 | B34: 2 | C34: SQUARE | D34: 3 | E34: 10 | G34: 100 | H34: 2 | I34: 1.997 | J34: 163 | K34: =IF(COUNT(J34,I34)=0,"",IFERROR(J34/1000/I34,"")) -> 0.081622434 | L34: 0.45 | M34: =IF(COUNT(H34,L34)=0,"",IFERROR(H34*L34,"")) -> 0.9 | N34: 1.69 | O34: 0.538 | P34: 0.808 | Q34: =IF(COUNT(O34,P34)=0,"",IFERROR(O34*1000/P34*1000,"")) -> 665841.58 | R34: 0.449 | S34: =IF(COUNT(O34,P34)=0,"",IFERROR(O34*P34,"")) -> 0.434704 | T34: 64.9 | U34: =IF(COUNT(T34)=0,"",IFERROR(COS(T34/180*PI()),"")) -> 0.42419942 | V34: =IF(COUNT(S34,T34)=0,"",IFERROR(S34*COS(T34/360*2*3.14),"")) -> 0.18462721 | W34: =IF(COUNT(V34,M34)=0,"",IFERROR(1-V34/M34,"")) -> 0.79485866 | Z34: =IFERROR(IF(OR(V34="",X34="",X34=0),"",(V34-X34)/X34*100),"") | AA34: =IF(COUNT(AD34,AE34,AF34,AG34,AH34,AI34,AJ34,AK34,AL34,AC34)=0,"",IFERROR(SQRT(AD34^2+AE34^2+AF34^2+AG34^2+AH34^2+AI34^2+AJ34^2+AK34^2+AL34^2)/AC34,"")) -> 0.25062565 | AB34: sine - triangle | AC34: 514 | AD34: 123 | AE34: 34 | AF34: 15 | AG34: 7 | AH34: 6 | AM34: 25 | AN34: stable | AO34: 0
A35: BLOCK 4 | B35: 3 | C35: SQUARE | D35: 3 | E35: 10 | G35: 100 | H35: 3 | I35: 2.98 | J35: 239 | K35: =IF(COUNT(J35,I35)=0,"",IFERROR(J35/1000/I35,"")) -> 0.080201342 | L35: 0.59 | M35: =IF(COUNT(H35,L35)=0,"",IFERROR(H35*L35,"")) -> 1.77 | N35: 2.31 | O35: 0.72 | P35: 1.112 | Q35: =IF(COUNT(O35,P35)=0,"",IFERROR(O35*1000/P35*1000,"")) -> 647482.01 | R35: 0.877 | S35: =IF(COUNT(O35,P35)=0,"",IFERROR(O35*P35,"")) -> 0.80064 | T35: 65.1 | U35: =IF(COUNT(T35)=0,"",IFERROR(COS(T35/180*PI()),"")) -> 0.42103581 | V35: =IF(COUNT(S35,T35)=0,"",IFERROR(S35*COS(T35/360*2*3.14),"")) -> 0.33751636 | W35: =IF(COUNT(V35,M35)=0,"",IFERROR(1-V35/M35,"")) -> 0.80931279 | Z35: =IFERROR(IF(OR(V35="",X35="",X35=0),"",(V35-X35)/X35*100),"") | AA35: =IF(COUNT(AD35,AE35,AF35,AG35,AH35,AI35,AJ35,AK35,AL35,AC35)=0,"",IFERROR(SQRT(AD35^2+AE35^2+AF35^2+AG35^2+AH35^2+AI35^2+AJ35^2+AK35^2+AL35^2)/AC35,"")) -> 0.19399254 | AB35: sine - triangle | AC35: 698 | AD35: 124 | AE35: 49 | AF35: 21 | AG35: 9 | AH35: 6 | AM35: 29 | AN35: stable | AO35: 0
A36: BLOCK 4 | B36: 4 | C36: SQUARE | D36: 3 | E36: 10 | G36: 100 | H36: 4 | I36: 3.99 | J36: 379 | K36: =IF(COUNT(J36,I36)=0,"",IFERROR(J36/1000/I36,"")) -> 0.094987469 | L36: 1.16 | M36: =IF(COUNT(H36,L36)=0,"",IFERROR(H36*L36,"")) -> 4.64 | N36: 3.71 | O36: 1.231 | P36: 2.099 | Q36: =IF(COUNT(O36,P36)=0,"",IFERROR(O36*1000/P36*1000,"")) -> 586469.75 | R36: 2.5 | S36: =IF(COUNT(O36,P36)=0,"",IFERROR(O36*P36,"")) -> 2.583869 | T36: 75.7 | U36: =IF(COUNT(T36)=0,"",IFERROR(COS(T36/180*PI()),"")) -> 0.24699901 | V36: =IF(COUNT(S36,T36)=0,"",IFERROR(S36*COS(T36/360*2*3.14),"")) -> 0.63989 | W36: =IF(COUNT(V36,M36)=0,"",IFERROR(1-V36/M36,"")) -> 0.86209267 | Z36: =IFERROR(IF(OR(V36="",X36="",X36=0),"",(V36-X36)/X36*100),"") | AA36: =IF(COUNT(AD36,AE36,AF36,AG36,AH36,AI36,AJ36,AK36,AL36,AC36)=0,"",IFERROR(SQRT(AD36^2+AE36^2+AF36^2+AG36^2+AH36^2+AI36^2+AJ36^2+AK36^2+AL36^2)/AC36,"")) -> 0.21463746 | AB36: sine - triangle | AC36: 1173 | AD36: 235 | AE36: 77 | AF36: 35 | AG36: 20 | AH36: 18 | AI36: 11 | AJ36: 10 | AK36: 8 | AM36: 37 | AN36: unstable | AO36: 1 | AP36: yes | AQ36: PIC_1740_18052026 | AR36: Slow current drift (increase)
A37: BLOCK 4 | B37: 5 | C37: SQUARE | D37: 3 | E37: 10 | G37: 100 | H37: 4.5 | I37: 4.516 | J37: 622 | K37: =IF(COUNT(J37,I37)=0,"",IFERROR(J37/1000/I37,"")) -> 0.13773251 | L37: 3.16 | M37: =IF(COUNT(H37,L37)=0,"",IFERROR(H37*L37,"")) -> 14.22 | N37: 6.24 | O37: 1.953 | P37: 5.146 | Q37: =IF(COUNT(O37,P37)=0,"",IFERROR(O37*1000/P37*1000,"")) -> 379518.07 | R37: 9 | S37: =IF(COUNT(O37,P37)=0,"",IFERROR(O37*P37,"")) -> 10.050138 | T37: 76.8 | U37: =IF(COUNT(T37)=0,"",IFERROR(COS(T37/180*PI()),"")) -> 0.22835087 | V37: =IF(COUNT(S37,T37)=0,"",IFERROR(S37*COS(T37/360*2*3.14),"")) -> 2.3016062 | W37: =IF(COUNT(V37,M37)=0,"",IFERROR(1-V37/M37,"")) -> 0.83814303 | Z37: =IFERROR(IF(OR(V37="",X37="",X37=0),"",(V37-X37)/X37*100),"") | AA37: =IF(COUNT(AD37,AE37,AF37,AG37,AH37,AI37,AJ37,AK37,AL37,AC37)=0,"",IFERROR(SQRT(AD37^2+AE37^2+AF37^2+AG37^2+AH37^2+AI37^2+AJ37^2+AK37^2+AL37^2)/AC37,"")) -> 0.20555895 | AB37: sine - triangle | AC37: 1891 | AD37: 295 | AE37: 208 | AF37: 124 | AG37: 52 | AH37: 38 | AI37: 23 | AJ37: 19 | AK37: 15 | AL37: 13 | AM37: 60 | AN37: unstable | AO37: 1 | AQ37: PIC_1832_18052026 | AR37: Same, more intense
A38: BLOCK 4 | B38: 6 | C38: SQUARE | D38: 3 | E38: 10 | G38: 100 | H38: 5 | K38: =IF(COUNT(J38,I38)=0,"",IFERROR(J38/1000/I38,"")) | M38: =IF(COUNT(H38,L38)=0,"",IFERROR(H38*L38,"")) -> 0 | Q38: =IF(COUNT(O38,P38)=0,"",IFERROR(O38*1000/P38*1000,"")) | S38: =IF(COUNT(O38,P38)=0,"",IFERROR(O38*P38,"")) | U38: =IF(COUNT(T38)=0,"",IFERROR(COS(T38/180*PI()),"")) | V38: =IF(COUNT(S38,T38)=0,"",IFERROR(S38*COS(T38/360*2*3.14),"")) | W38: =IF(COUNT(V38,M38)=0,"",IFERROR(1-V38/M38,"")) | Z38: =IFERROR(IF(OR(V38="",X38="",X38=0),"",(V38-X38)/X38*100),"") | AA38: =IF(COUNT(AD38,AE38,AF38,AG38,AH38,AI38,AJ38,AK38,AL38,AC38)=0,"",IFERROR(SQRT(AD38^2+AE38^2+AF38^2+AG38^2+AH38^2+AI38^2+AJ38^2+AK38^2+AL38^2)/AC38,"")) | AR38: 3.3 A current limit reached
A39: BLOCK 5 — DBD · V-sweep · 15 kHz · DC 100% · SQUARE · 3 turns/branch (5 steps)
A40: BLOCK 5 | B40: 1 | C40: SQUARE | D40: 3 | E40: 15 | G40: 100 | H40: 1 | I40: 0.994 | J40: 79 | K40: =IF(COUNT(J40,I40)=0,"",IFERROR(J40/1000/I40,"")) -> 0.079476861 | L40: 0.32 | M40: =IF(COUNT(H40,L40)=0,"",IFERROR(H40*L40,"")) -> 0.32 | N40: 0.656 | O40: 0.221 | P40: 0.509 | Q40: =IF(COUNT(O40,P40)=0,"",IFERROR(O40*1000/P40*1000,"")) -> 434184.68 | R40: 0.115 | S40: =IF(COUNT(O40,P40)=0,"",IFERROR(O40*P40,"")) -> 0.112489 | T40: 70 | U40: =IF(COUNT(T40)=0,"",IFERROR(COS(T40/180*PI()),"")) -> 0.34202014 | V40: =IF(COUNT(S40,T40)=0,"",IFERROR(S40*COS(T40/360*2*3.14),"")) -> 0.038538967 | W40: =IF(COUNT(V40,M40)=0,"",IFERROR(1-V40/M40,"")) -> 0.87956573 | Z40: =IFERROR(IF(OR(V40="",X40="",X40=0),"",(V40-X40)/X40*100),"") | AA40: =IF(COUNT(AD40,AE40,AF40,AG40,AH40,AI40,AJ40,AK40,AL40,AC40)=0,"",IFERROR(SQRT(AD40^2+AE40^2+AF40^2+AG40^2+AH40^2+AI40^2+AJ40^2+AK40^2+AL40^2)/AC40,"")) -> 0.39544103 | AB40: triangle | AC40: 203 | AD40: 78 | AE40: 18 | AF40: 6 | AM40: 29 | AN40: stable | AO40: 0
A41: BLOCK 5 | B41: 2 | C41: SQUARE | D41: 3 | E41: 15 | G41: 100 | H41: 2 | I41: 2 | J41: 95 | K41: =IF(COUNT(J41,I41)=0,"",IFERROR(J41/1000/I41,"")) -> 0.0475 | L41: 0.41 | M41: =IF(COUNT(H41,L41)=0,"",IFERROR(H41*L41,"")) -> 0.82 | N41: 0.81 | O41: 0.274 | P41: 0.66 | Q41: =IF(COUNT(O41,P41)=0,"",IFERROR(O41*1000/P41*1000,"")) -> 415151.52 | R41: 0.187 | S41: =IF(COUNT(O41,P41)=0,"",IFERROR(O41*P41,"")) -> 0.18084 | T41: 67.8 | U41: =IF(COUNT(T41)=0,"",IFERROR(COS(T41/180*PI()),"")) -> 0.37784079 | V41: =IF(COUNT(S41,T41)=0,"",IFERROR(S41*COS(T41/360*2*3.14),"")) -> 0.068429159 | W41: =IF(COUNT(V41,M41)=0,"",IFERROR(1-V41/M41,"")) -> 0.91654981 | Z41: =IFERROR(IF(OR(V41="",X41="",X41=0),"",(V41-X41)/X41*100),"") | AA41: =IF(COUNT(AD41,AE41,AF41,AG41,AH41,AI41,AJ41,AK41,AL41,AC41)=0,"",IFERROR(SQRT(AD41^2+AE41^2+AF41^2+AG41^2+AH41^2+AI41^2+AJ41^2+AK41^2+AL41^2)/AC41,"")) -> 0.31432704 | AB41: triangle | AC41: 263 | AD41: 79 | AE41: 23 | AF41: 8 | AM41: 29 | AN41: stable | AO41: 0 | AQ41: PIC_1645_19052026
A42: BLOCK 5 | B42: 3 | C42: SQUARE | D42: 3 | E42: 15 | G42: 100 | H42: 3 | I42: 2.99 | J42: 155 | K42: =IF(COUNT(J42,I42)=0,"",IFERROR(J42/1000/I42,"")) -> 0.051839465 | L42: 0.56 | M42: =IF(COUNT(H42,L42)=0,"",IFERROR(H42*L42,"")) -> 1.68 | N42: 1.2 | O42: 0.373 | P42: 0.928 | Q42: =IF(COUNT(O42,P42)=0,"",IFERROR(O42*1000/P42*1000,"")) -> 401939.66 | R42: 0.373 | S42: =IF(COUNT(O42,P42)=0,"",IFERROR(O42*P42,"")) -> 0.346144 | T42: 67.9 | U42: =IF(COUNT(T42)=0,"",IFERROR(COS(T42/180*PI()),"")) -> 0.37622426 | V42: =IF(COUNT(S42,T42)=0,"",IFERROR(S42*COS(T42/360*2*3.14),"")) -> 0.13042043 | W42: =IF(COUNT(V42,M42)=0,"",IFERROR(1-V42/M42,"")) -> 0.92236879 | Z42: =IFERROR(IF(OR(V42="",X42="",X42=0),"",(V42-X42)/X42*100),"") | AA42: =IF(COUNT(AD42,AE42,AF42,AG42,AH42,AI42,AJ42,AK42,AL42,AC42)=0,"",IFERROR(SQRT(AD42^2+AE42^2+AF42^2+AG42^2+AH42^2+AI42^2+AJ42^2+AK42^2+AL42^2)/AC42,"")) -> 0.23638181 | AB42: triangle | AC42: 368 | AD42: 80 | AE42: 31 | AF42: 11 | AG42: 7 | AH42: 6 | AM42: 34 | AN42: unstable - current drift | AO42: 0
A43: BLOCK 5 | B43: 4 | C43: SQUARE | D43: 3 | E43: 15 | G43: 100 | H43: 4 | I43: 4 | J43: 215 | K43: =IF(COUNT(J43,I43)=0,"",IFERROR(J43/1000/I43,"")) -> 0.05375 | L43: 0.92 | M43: =IF(COUNT(H43,L43)=0,"",IFERROR(H43*L43,"")) -> 3.68 | N43: 1.97 | O43: 0.634 | P43: 1.6 | Q43: =IF(COUNT(O43,P43)=0,"",IFERROR(O43*1000/P43*1000,"")) -> 396250 | R43: 0.915 | S43: =IF(COUNT(O43,P43)=0,"",IFERROR(O43*P43,"")) -> 1.0144 | T43: 71.5 | U43: =IF(COUNT(T43)=0,"",IFERROR(COS(T43/180*PI()),"")) -> 0.31730466 | V43: =IF(COUNT(S43,T43)=0,"",IFERROR(S43*COS(T43/360*2*3.14),"")) -> 0.32248236 | W43: =IF(COUNT(V43,M43)=0,"",IFERROR(1-V43/M43,"")) -> 0.91236892 | Z43: =IFERROR(IF(OR(V43="",X43="",X43=0),"",(V43-X43)/X43*100),"") | AA43: =IF(COUNT(AD43,AE43,AF43,AG43,AH43,AI43,AJ43,AK43,AL43,AC43)=0,"",IFERROR(SQRT(AD43^2+AE43^2+AF43^2+AG43^2+AH43^2+AI43^2+AJ43^2+AK43^2+AL43^2)/AC43,"")) -> 0.15864308 | AB43: triangle | AC43: 675 | AD43: 86 | AE43: 59 | AF43: 21 | AG43: 10 | AH43: 7 | AM43: 47 | AN43: unstable - current drift | AO43: 0
A44: BLOCK 5 | B44: 5 | C44: SQUARE | D44: 3 | E44: 15 | G44: 100 | H44: 4 | I44: 4.03 | J44: 775 | K44: =IF(COUNT(J44,I44)=0,"",IFERROR(J44/1000/I44,"")) -> 0.19230769 | L44: 2.08 | M44: =IF(COUNT(H44,L44)=0,"",IFERROR(H44*L44,"")) -> 8.32 | N44: 3.89 | O44: 1.291 | P44: 3.45 | Q44: =IF(COUNT(O44,P44)=0,"",IFERROR(O44*1000/P44*1000,"")) -> 374202.9 | R44: 1.19 | S44: =IF(COUNT(O44,P44)=0,"",IFERROR(O44*P44,"")) -> 4.45395 | T44: 87 | U44: =IF(COUNT(T44)=0,"",IFERROR(COS(T44/180*PI()),"")) -> 0.052335956 | V44: =IF(COUNT(S44,T44)=0,"",IFERROR(S44*COS(T44/360*2*3.14),"")) -> 0.23652554 | W44: =IF(COUNT(V44,M44)=0,"",IFERROR(1-V44/M44,"")) -> 0.97157145 | Z44: =IFERROR(IF(OR(V44="",X44="",X44=0),"",(V44-X44)/X44*100),"") | AA44: =IF(COUNT(AD44,AE44,AF44,AG44,AH44,AI44,AJ44,AK44,AL44,AC44)=0,"",IFERROR(SQRT(AD44^2+AE44^2+AF44^2+AG44^2+AH44^2+AI44^2+AJ44^2+AK44^2+AL44^2)/AC44,"")) -> 0.1151793 | AB44: triangle | AC44: 1288 | AD44: 98 | AE44: 86 | AF44: 55 | AG44: 37 | AH44: 17 | AI44: 15 | AJ44: 10 | AM44: 80 | AN44: unstable - current drift | AO44: 1 | AP44: YES
A45: [SECONDARY] BLOCK 6 — DBD · V-sweep · 6.5 kHz · DC 100% · SQUARE · 1 turn/branch — steps 1–4 only; negative real power (current-probe ratio uncertain in this configuration)
A46: BLOCK 6 | B46: 1 | C46: SQUARE | D46: 1 | E46: 6.5 | G46: 100 | H46: 1 | J46: 74 | K46: =IF(COUNT(J46,I46)=0,"",IFERROR(J46/1000/I46,"")) | L46: 0.35 | M46: =IF(COUNT(H46,L46)=0,"",IFERROR(H46*L46,"")) -> 0.35 | N46: 3.19 | O46: 1.2 | P46: 9.04 | Q46: =IF(COUNT(O46,P46)=0,"",IFERROR(O46*1000/P46*1000,"")) -> 132743.36 | R46: 9.6 | S46: =IF(COUNT(O46,P46)=0,"",IFERROR(O46*P46,"")) -> 10.848 | T46: 69.5 | U46: =IF(COUNT(T46)=0,"",IFERROR(COS(T46/180*PI()),"")) -> 0.35020738 | V46: =IF(COUNT(S46,T46)=0,"",IFERROR(S46*COS(T46/360*2*3.14),"")) -> 3.8052974 | W46: =IF(COUNT(V46,M46)=0,"",IFERROR(1-V46/M46,"")) -> -9.8722782 | Z46: =IFERROR(IF(OR(V46="",X46="",X46=0),"",(V46-X46)/X46*100),"") | AA46: =IF(COUNT(AD46,AE46,AF46,AG46,AH46,AI46,AJ46,AK46,AL46,AC46)=0,"",IFERROR(SQRT(AD46^2+AE46^2+AF46^2+AG46^2+AH46^2+AI46^2+AJ46^2+AK46^2+AL46^2)/AC46,"")) -> 0.47576611 | AB46: sine | AC46: 1070 | AD46: 508 | AE46: 15 | AF46: 13 | AG46: 13 | AH46: 12 | AI46: 10 | AJ46: 10 | AK46: 10 | AL46: 9 | AM46: 26 | AN46: stable | AO46: 0
A47: BLOCK 6 | B47: 2 | C47: SQUARE | D47: 1 | E47: 6.5 | G47: 100 | H47: 2 | J47: 89 | K47: =IF(COUNT(J47,I47)=0,"",IFERROR(J47/1000/I47,"")) | L47: 0.47 | M47: =IF(COUNT(H47,L47)=0,"",IFERROR(H47*L47,"")) -> 0.94 | N47: 3.39 | O47: 1.29 | P47: 10.9 | Q47: =IF(COUNT(O47,P47)=0,"",IFERROR(O47*1000/P47*1000,"")) -> 118348.62 | R47: 11.75 | S47: =IF(COUNT(O47,P47)=0,"",IFERROR(O47*P47,"")) -> 14.061 | T47: 70.4 | U47: =IF(COUNT(T47)=0,"",IFERROR(COS(T47/180*PI()),"")) -> 0.33545157 | V47: =IF(COUNT(S47,T47)=0,"",IFERROR(S47*COS(T47/360*2*3.14),"")) -> 4.7250348 | W47: =IF(COUNT(V47,M47)=0,"",IFERROR(1-V47/M47,"")) -> -4.0266327 | Z47: =IFERROR(IF(OR(V47="",X47="",X47=0),"",(V47-X47)/X47*100),"") | AA47: =IF(COUNT(AD47,AE47,AF47,AG47,AH47,AI47,AJ47,AK47,AL47,AC47)=0,"",IFERROR(SQRT(AD47^2+AE47^2+AF47^2+AG47^2+AH47^2+AI47^2+AJ47^2+AK47^2+AL47^2)/AC47,"")) -> 0.43540738 | AB47: sine | AC47: 1174 | AD47: 510 | AE47: 21 | AF47: 13 | AG47: 11 | AH47: 10 | AI47: 10 | AJ47: 10 | AK47: 9 | AL47: 9 | AM47: 27 | AN47: stable | AO47: 0
A48: BLOCK 6 | B48: 3 | C48: SQUARE | D48: 1 | E48: 6.5 | G48: 100 | H48: 3 | J48: 117 | K48: =IF(COUNT(J48,I48)=0,"",IFERROR(J48/1000/I48,"")) | L48: 0.56 | M48: =IF(COUNT(H48,L48)=0,"",IFERROR(H48*L48,"")) -> 1.68 | N48: 3.59 | O48: 1.345 | P48: 12.487 | Q48: =IF(COUNT(O48,P48)=0,"",IFERROR(O48*1000/P48*1000,"")) -> 107712.02 | R48: 12.89 | S48: =IF(COUNT(O48,P48)=0,"",IFERROR(O48*P48,"")) -> 16.795015 | T48: 71.9 | U48: =IF(COUNT(T48)=0,"",IFERROR(COS(T48/180*PI()),"")) -> 0.31067643 | V48: =IF(COUNT(S48,T48)=0,"",IFERROR(S48*COS(T48/360*2*3.14),"")) -> 5.2279701 | W48: =IF(COUNT(V48,M48)=0,"",IFERROR(1-V48/M48,"")) -> -2.111887 | Z48: =IFERROR(IF(OR(V48="",X48="",X48=0),"",(V48-X48)/X48*100),"") | AA48: =IF(COUNT(AD48,AE48,AF48,AG48,AH48,AI48,AJ48,AK48,AL48,AC48)=0,"",IFERROR(SQRT(AD48^2+AE48^2+AF48^2+AG48^2+AH48^2+AI48^2+AJ48^2+AK48^2+AL48^2)/AC48,"")) -> 0.41501886 | AB48: sine | AC48: 1232 | AD48: 509 | AE48: 43 | AF48: 10 | AG48: 9 | AH48: 8 | AI48: 8 | AJ48: 8 | AK48: 8 | AL48: 8 | AM48: 31 | AN48: stable | AO48: 0
A49: BLOCK 6 | B49: 4 | C49: SQUARE | D49: 1 | E49: 6.5 | G49: 100 | H49: 4 | J49: 141 | K49: =IF(COUNT(J49,I49)=0,"",IFERROR(J49/1000/I49,"")) | L49: 0.8 | M49: =IF(COUNT(H49,L49)=0,"",IFERROR(H49*L49,"")) -> 3.2 | N49: 3.79 | O49: 1.449 | P49: 15.483 | Q49: =IF(COUNT(O49,P49)=0,"",IFERROR(O49*1000/P49*1000,"")) -> 93586.514 | R49: 16.16 | S49: =IF(COUNT(O49,P49)=0,"",IFERROR(O49*P49,"")) -> 22.434867 | T49: 73.7 | U49: =IF(COUNT(T49)=0,"",IFERROR(COS(T49/180*PI()),"")) -> 0.28066671 | V49: =IF(COUNT(S49,T49)=0,"",IFERROR(S49*COS(T49/360*2*3.14),"")) -> 6.3107608 | W49: =IF(COUNT(V49,M49)=0,"",IFERROR(1-V49/M49,"")) -> -0.97211273 | Z49: =IFERROR(IF(OR(V49="",X49="",X49=0),"",(V49-X49)/X49*100),"") | AA49: =IF(COUNT(AD49,AE49,AF49,AG49,AH49,AI49,AJ49,AK49,AL49,AC49)=0,"",IFERROR(SQRT(AD49^2+AE49^2+AF49^2+AG49^2+AH49^2+AI49^2+AJ49^2+AK49^2+AL49^2)/AC49,"")) -> 0.37979209 | AB49: sine | AC49: 1343 | AD49: 505 | AE49: 61 | AF49: 28 | AG49: 15 | AH49: 10 | AI49: 9 | AJ49: 9 | AK49: 9 | AL49: 8 | AM49: 37 | AN49: stable | AO49: 0
A50: BLOCK 6 | B50: 5 | C50: SQUARE | D50: 1 | E50: 6.5 | G50: 100 | H50: 5 | J50: 558 | K50: =IF(COUNT(J50,I50)=0,"",IFERROR(J50/1000/I50,"")) | M50: =IF(COUNT(H50,L50)=0,"",IFERROR(H50*L50,"")) -> 0 | Q50: =IF(COUNT(O50,P50)=0,"",IFERROR(O50*1000/P50*1000,"")) | S50: =IF(COUNT(O50,P50)=0,"",IFERROR(O50*P50,"")) | U50: =IF(COUNT(T50)=0,"",IFERROR(COS(T50/180*PI()),"")) | V50: =IF(COUNT(S50,T50)=0,"",IFERROR(S50*COS(T50/360*2*3.14),"")) | W50: =IF(COUNT(V50,M50)=0,"",IFERROR(1-V50/M50,"")) | Z50: =IFERROR(IF(OR(V50="",X50="",X50=0),"",(V50-X50)/X50*100),"") | AA50: =IF(COUNT(AD50,AE50,AF50,AG50,AH50,AI50,AJ50,AK50,AL50,AC50)=0,"",IFERROR(SQRT(AD50^2+AE50^2+AF50^2+AG50^2+AH50^2+AI50^2+AJ50^2+AK50^2+AL50^2)/AC50,""))
A51: BLOCK 6 | B51: 6 | C51: SQUARE | D51: 1 | E51: 6.5 | G51: 100 | H51: 6 | K51: =IF(COUNT(J51,I51)=0,"",IFERROR(J51/1000/I51,"")) | M51: =IF(COUNT(H51,L51)=0,"",IFERROR(H51*L51,"")) -> 0 | Q51: =IF(COUNT(O51,P51)=0,"",IFERROR(O51*1000/P51*1000,"")) | S51: =IF(COUNT(O51,P51)=0,"",IFERROR(O51*P51,"")) | U51: =IF(COUNT(T51)=0,"",IFERROR(COS(T51/180*PI()),"")) | V51: =IF(COUNT(S51,T51)=0,"",IFERROR(S51*COS(T51/360*2*3.14),"")) | W51: =IF(COUNT(V51,M51)=0,"",IFERROR(1-V51/M51,"")) | Z51: =IFERROR(IF(OR(V51="",X51="",X51=0),"",(V51-X51)/X51*100),"") | AA51: =IF(COUNT(AD51,AE51,AF51,AG51,AH51,AI51,AJ51,AK51,AL51,AC51)=0,"",IFERROR(SQRT(AD51^2+AE51^2+AF51^2+AG51^2+AH51^2+AI51^2+AJ51^2+AK51^2+AL51^2)/AC51,""))
A52: BLOCK 6 | B52: 7 | C52: SQUARE | D52: 1 | E52: 6.5 | G52: 100 | H52: 7 | K52: =IF(COUNT(J52,I52)=0,"",IFERROR(J52/1000/I52,"")) | M52: =IF(COUNT(H52,L52)=0,"",IFERROR(H52*L52,"")) -> 0 | Q52: =IF(COUNT(O52,P52)=0,"",IFERROR(O52*1000/P52*1000,"")) | S52: =IF(COUNT(O52,P52)=0,"",IFERROR(O52*P52,"")) | U52: =IF(COUNT(T52)=0,"",IFERROR(COS(T52/180*PI()),"")) | V52: =IF(COUNT(S52,T52)=0,"",IFERROR(S52*COS(T52/360*2*3.14),"")) | W52: =IF(COUNT(V52,M52)=0,"",IFERROR(1-V52/M52,"")) | Z52: =IFERROR(IF(OR(V52="",X52="",X52=0),"",(V52-X52)/X52*100),"") | AA52: =IF(COUNT(AD52,AE52,AF52,AG52,AH52,AI52,AJ52,AK52,AL52,AC52)=0,"",IFERROR(SQRT(AD52^2+AE52^2+AF52^2+AG52^2+AH52^2+AI52^2+AJ52^2+AK52^2+AL52^2)/AC52,""))
A53: BLOCK 6 | B53: 8 | C53: SQUARE | D53: 1 | E53: 6.5 | G53: 100 | H53: 8 | K53: =IF(COUNT(J53,I53)=0,"",IFERROR(J53/1000/I53,"")) | M53: =IF(COUNT(H53,L53)=0,"",IFERROR(H53*L53,"")) -> 0 | Q53: =IF(COUNT(O53,P53)=0,"",IFERROR(O53*1000/P53*1000,"")) | S53: =IF(COUNT(O53,P53)=0,"",IFERROR(O53*P53,"")) | U53: =IF(COUNT(T53)=0,"",IFERROR(COS(T53/180*PI()),"")) | V53: =IF(COUNT(S53,T53)=0,"",IFERROR(S53*COS(T53/360*2*3.14),"")) | W53: =IF(COUNT(V53,M53)=0,"",IFERROR(1-V53/M53,"")) | Z53: =IFERROR(IF(OR(V53="",X53="",X53=0),"",(V53-X53)/X53*100),"") | AA53: =IF(COUNT(AD53,AE53,AF53,AG53,AH53,AI53,AJ53,AK53,AL53,AC53)=0,"",IFERROR(SQRT(AD53^2+AE53^2+AF53^2+AG53^2+AH53^2+AI53^2+AJ53^2+AK53^2+AL53^2)/AC53,""))
A54: [SECONDARY] BLOCK 7 — DBD · V-sweep · 5 kHz · PULSE 1kHz@10%DC · 1 turn/branch — not measured
A55: BLOCK 7 | B55: 1 | C55: PULSE | D55: 1 | E55: 5 | F55: 1 | G55: 10 | K55: =IF(COUNT(J55,I55)=0,"",IFERROR(J55/1000/I55,"")) | M55: =IF(COUNT(H55,L55)=0,"",IFERROR(H55*L55,"")) | Q55: =IF(COUNT(O55,P55)=0,"",IFERROR(O55*1000/P55*1000,"")) | S55: =IF(COUNT(O55,P55)=0,"",IFERROR(O55*P55,"")) | U55: =IF(COUNT(T55)=0,"",IFERROR(COS(T55/180*PI()),"")) | V55: =IF(COUNT(S55,T55)=0,"",IFERROR(S55*COS(T55/360*2*3.14),"")) | W55: =IF(COUNT(V55,M55)=0,"",IFERROR(1-V55/M55,"")) | Z55: =IFERROR(IF(OR(V55="",X55="",X55=0),"",(V55-X55)/X55*100),"") | AA55: =IF(COUNT(AD55,AE55,AF55,AG55,AH55,AI55,AJ55,AK55,AL55,AC55)=0,"",IFERROR(SQRT(AD55^2+AE55^2+AF55^2+AG55^2+AH55^2+AI55^2+AJ55^2+AK55^2+AL55^2)/AC55,""))
A56: BLOCK 7 | B56: 2 | C56: PULSE | D56: 1 | E56: 5 | F56: 1 | G56: 10 | K56: =IF(COUNT(J56,I56)=0,"",IFERROR(J56/1000/I56,"")) | M56: =IF(COUNT(H56,L56)=0,"",IFERROR(H56*L56,"")) | Q56: =IF(COUNT(O56,P56)=0,"",IFERROR(O56*1000/P56*1000,"")) | S56: =IF(COUNT(O56,P56)=0,"",IFERROR(O56*P56,"")) | U56: =IF(COUNT(T56)=0,"",IFERROR(COS(T56/180*PI()),"")) | V56: =IF(COUNT(S56,T56)=0,"",IFERROR(S56*COS(T56/360*2*3.14),"")) | W56: =IF(COUNT(V56,M56)=0,"",IFERROR(1-V56/M56,"")) | Z56: =IFERROR(IF(OR(V56="",X56="",X56=0),"",(V56-X56)/X56*100),"") | AA56: =IF(COUNT(AD56,AE56,AF56,AG56,AH56,AI56,AJ56,AK56,AL56,AC56)=0,"",IFERROR(SQRT(AD56^2+AE56^2+AF56^2+AG56^2+AH56^2+AI56^2+AJ56^2+AK56^2+AL56^2)/AC56,""))
A57: BLOCK 7 | B57: 3 | C57: PULSE | D57: 1 | E57: 5 | F57: 1 | G57: 10 | K57: =IF(COUNT(J57,I57)=0,"",IFERROR(J57/1000/I57,"")) | M57: =IF(COUNT(H57,L57)=0,"",IFERROR(H57*L57,"")) | Q57: =IF(COUNT(O57,P57)=0,"",IFERROR(O57*1000/P57*1000,"")) | S57: =IF(COUNT(O57,P57)=0,"",IFERROR(O57*P57,"")) | U57: =IF(COUNT(T57)=0,"",IFERROR(COS(T57/180*PI()),"")) | V57: =IF(COUNT(S57,T57)=0,"",IFERROR(S57*COS(T57/360*2*3.14),"")) | W57: =IF(COUNT(V57,M57)=0,"",IFERROR(1-V57/M57,"")) | Z57: =IFERROR(IF(OR(V57="",X57="",X57=0),"",(V57-X57)/X57*100),"") | AA57: =IF(COUNT(AD57,AE57,AF57,AG57,AH57,AI57,AJ57,AK57,AL57,AC57)=0,"",IFERROR(SQRT(AD57^2+AE57^2+AF57^2+AG57^2+AH57^2+AI57^2+AJ57^2+AK57^2+AL57^2)/AC57,""))
A58: BLOCK 7 | B58: 4 | C58: PULSE | D58: 1 | E58: 5 | F58: 1 | G58: 10 | K58: =IF(COUNT(J58,I58)=0,"",IFERROR(J58/1000/I58,"")) | M58: =IF(COUNT(H58,L58)=0,"",IFERROR(H58*L58,"")) | Q58: =IF(COUNT(O58,P58)=0,"",IFERROR(O58*1000/P58*1000,"")) | S58: =IF(COUNT(O58,P58)=0,"",IFERROR(O58*P58,"")) | U58: =IF(COUNT(T58)=0,"",IFERROR(COS(T58/180*PI()),"")) | V58: =IF(COUNT(S58,T58)=0,"",IFERROR(S58*COS(T58/360*2*3.14),"")) | W58: =IF(COUNT(V58,M58)=0,"",IFERROR(1-V58/M58,"")) | Z58: =IFERROR(IF(OR(V58="",X58="",X58=0),"",(V58-X58)/X58*100),"") | AA58: =IF(COUNT(AD58,AE58,AF58,AG58,AH58,AI58,AJ58,AK58,AL58,AC58)=0,"",IFERROR(SQRT(AD58^2+AE58^2+AF58^2+AG58^2+AH58^2+AI58^2+AJ58^2+AK58^2+AL58^2)/AC58,""))
A59: BLOCK 7 | B59: 5 | C59: PULSE | D59: 1 | E59: 5 | F59: 1 | G59: 10 | K59: =IF(COUNT(J59,I59)=0,"",IFERROR(J59/1000/I59,"")) | M59: =IF(COUNT(H59,L59)=0,"",IFERROR(H59*L59,"")) | Q59: =IF(COUNT(O59,P59)=0,"",IFERROR(O59*1000/P59*1000,"")) | S59: =IF(COUNT(O59,P59)=0,"",IFERROR(O59*P59,"")) | U59: =IF(COUNT(T59)=0,"",IFERROR(COS(T59/180*PI()),"")) | V59: =IF(COUNT(S59,T59)=0,"",IFERROR(S59*COS(T59/360*2*3.14),"")) | W59: =IF(COUNT(V59,M59)=0,"",IFERROR(1-V59/M59,"")) | Z59: =IFERROR(IF(OR(V59="",X59="",X59=0),"",(V59-X59)/X59*100),"") | AA59: =IF(COUNT(AD59,AE59,AF59,AG59,AH59,AI59,AJ59,AK59,AL59,AC59)=0,"",IFERROR(SQRT(AD59^2+AE59^2+AF59^2+AG59^2+AH59^2+AI59^2+AJ59^2+AK59^2+AL59^2)/AC59,""))
A60: BLOCK 7 | B60: 6 | C60: PULSE | D60: 1 | E60: 5 | F60: 1 | G60: 10 | K60: =IF(COUNT(J60,I60)=0,"",IFERROR(J60/1000/I60,"")) | M60: =IF(COUNT(H60,L60)=0,"",IFERROR(H60*L60,"")) | Q60: =IF(COUNT(O60,P60)=0,"",IFERROR(O60*1000/P60*1000,"")) | S60: =IF(COUNT(O60,P60)=0,"",IFERROR(O60*P60,"")) | U60: =IF(COUNT(T60)=0,"",IFERROR(COS(T60/180*PI()),"")) | V60: =IF(COUNT(S60,T60)=0,"",IFERROR(S60*COS(T60/360*2*3.14),"")) | W60: =IF(COUNT(V60,M60)=0,"",IFERROR(1-V60/M60,"")) | Z60: =IFERROR(IF(OR(V60="",X60="",X60=0),"",(V60-X60)/X60*100),"") | AA60: =IF(COUNT(AD60,AE60,AF60,AG60,AH60,AI60,AJ60,AK60,AL60,AC60)=0,"",IFERROR(SQRT(AD60^2+AE60^2+AF60^2+AG60^2+AH60^2+AI60^2+AJ60^2+AK60^2+AL60^2)/AC60,""))
A61: BLOCK 7 | B61: 7 | C61: PULSE | D61: 1 | E61: 5 | F61: 1 | G61: 10 | K61: =IF(COUNT(J61,I61)=0,"",IFERROR(J61/1000/I61,"")) | M61: =IF(COUNT(H61,L61)=0,"",IFERROR(H61*L61,"")) | Q61: =IF(COUNT(O61,P61)=0,"",IFERROR(O61*1000/P61*1000,"")) | S61: =IF(COUNT(O61,P61)=0,"",IFERROR(O61*P61,"")) | U61: =IF(COUNT(T61)=0,"",IFERROR(COS(T61/180*PI()),"")) | V61: =IF(COUNT(S61,T61)=0,"",IFERROR(S61*COS(T61/360*2*3.14),"")) | W61: =IF(COUNT(V61,M61)=0,"",IFERROR(1-V61/M61,"")) | Z61: =IFERROR(IF(OR(V61="",X61="",X61=0),"",(V61-X61)/X61*100),"") | AA61: =IF(COUNT(AD61,AE61,AF61,AG61,AH61,AI61,AJ61,AK61,AL61,AC61)=0,"",IFERROR(SQRT(AD61^2+AE61^2+AF61^2+AG61^2+AH61^2+AI61^2+AJ61^2+AK61^2+AL61^2)/AC61,""))
A62: BLOCK 7 | B62: 8 | C62: PULSE | D62: 1 | E62: 5 | F62: 1 | G62: 10 | K62: =IF(COUNT(J62,I62)=0,"",IFERROR(J62/1000/I62,"")) | M62: =IF(COUNT(H62,L62)=0,"",IFERROR(H62*L62,"")) | Q62: =IF(COUNT(O62,P62)=0,"",IFERROR(O62*1000/P62*1000,"")) | S62: =IF(COUNT(O62,P62)=0,"",IFERROR(O62*P62,"")) | U62: =IF(COUNT(T62)=0,"",IFERROR(COS(T62/180*PI()),"")) | V62: =IF(COUNT(S62,T62)=0,"",IFERROR(S62*COS(T62/360*2*3.14),"")) | W62: =IF(COUNT(V62,M62)=0,"",IFERROR(1-V62/M62,"")) | Z62: =IFERROR(IF(OR(V62="",X62="",X62=0),"",(V62-X62)/X62*100),"") | AA62: =IF(COUNT(AD62,AE62,AF62,AG62,AH62,AI62,AJ62,AK62,AL62,AC62)=0,"",IFERROR(SQRT(AD62^2+AE62^2+AF62^2+AG62^2+AH62^2+AI62^2+AJ62^2+AK62^2+AL62^2)/AC62,""))
A63: [SECONDARY] BLOCK 8 — DBD · V-sweep · 5 kHz · DC 50% · SQUARE · 1 turn/branch — not measured
A64: BLOCK 8 | B64: 1 | C64: SQUARE | D64: 1 | E64: 5 | G64: 50 | K64: =IF(COUNT(J64,I64)=0,"",IFERROR(J64/1000/I64,"")) | M64: =IF(COUNT(H64,L64)=0,"",IFERROR(H64*L64,"")) | Q64: =IF(COUNT(O64,P64)=0,"",IFERROR(O64*1000/P64*1000,"")) | S64: =IF(COUNT(O64,P64)=0,"",IFERROR(O64*P64,"")) | U64: =IF(COUNT(T64)=0,"",IFERROR(COS(T64/180*PI()),"")) | V64: =IF(COUNT(S64,T64)=0,"",IFERROR(S64*COS(T64/360*2*3.14),"")) | W64: =IF(COUNT(V64,M64)=0,"",IFERROR(1-V64/M64,"")) | Z64: =IFERROR(IF(OR(V64="",X64="",X64=0),"",(V64-X64)/X64*100),"") | AA64: =IF(COUNT(AD64,AE64,AF64,AG64,AH64,AI64,AJ64,AK64,AL64,AC64)=0,"",IFERROR(SQRT(AD64^2+AE64^2+AF64^2+AG64^2+AH64^2+AI64^2+AJ64^2+AK64^2+AL64^2)/AC64,""))
A65: BLOCK 8 | B65: 2 | C65: SQUARE | D65: 1 | E65: 5 | G65: 50 | K65: =IF(COUNT(J65,I65)=0,"",IFERROR(J65/1000/I65,"")) | M65: =IF(COUNT(H65,L65)=0,"",IFERROR(H65*L65,"")) | Q65: =IF(COUNT(O65,P65)=0,"",IFERROR(O65*1000/P65*1000,"")) | S65: =IF(COUNT(O65,P65)=0,"",IFERROR(O65*P65,"")) | U65: =IF(COUNT(T65)=0,"",IFERROR(COS(T65/180*PI()),"")) | V65: =IF(COUNT(S65,T65)=0,"",IFERROR(S65*COS(T65/360*2*3.14),"")) | W65: =IF(COUNT(V65,M65)=0,"",IFERROR(1-V65/M65,"")) | Z65: =IFERROR(IF(OR(V65="",X65="",X65=0),"",(V65-X65)/X65*100),"") | AA65: =IF(COUNT(AD65,AE65,AF65,AG65,AH65,AI65,AJ65,AK65,AL65,AC65)=0,"",IFERROR(SQRT(AD65^2+AE65^2+AF65^2+AG65^2+AH65^2+AI65^2+AJ65^2+AK65^2+AL65^2)/AC65,""))
A66: BLOCK 8 | B66: 3 | C66: SQUARE | D66: 1 | E66: 5 | G66: 50 | K66: =IF(COUNT(J66,I66)=0,"",IFERROR(J66/1000/I66,"")) | M66: =IF(COUNT(H66,L66)=0,"",IFERROR(H66*L66,"")) | Q66: =IF(COUNT(O66,P66)=0,"",IFERROR(O66*1000/P66*1000,"")) | S66: =IF(COUNT(O66,P66)=0,"",IFERROR(O66*P66,"")) | U66: =IF(COUNT(T66)=0,"",IFERROR(COS(T66/180*PI()),"")) | V66: =IF(COUNT(S66,T66)=0,"",IFERROR(S66*COS(T66/360*2*3.14),"")) | W66: =IF(COUNT(V66,M66)=0,"",IFERROR(1-V66/M66,"")) | Z66: =IFERROR(IF(OR(V66="",X66="",X66=0),"",(V66-X66)/X66*100),"") | AA66: =IF(COUNT(AD66,AE66,AF66,AG66,AH66,AI66,AJ66,AK66,AL66,AC66)=0,"",IFERROR(SQRT(AD66^2+AE66^2+AF66^2+AG66^2+AH66^2+AI66^2+AJ66^2+AK66^2+AL66^2)/AC66,""))
A67: BLOCK 8 | B67: 4 | C67: SQUARE | D67: 1 | E67: 5 | G67: 50 | K67: =IF(COUNT(J67,I67)=0,"",IFERROR(J67/1000/I67,"")) | M67: =IF(COUNT(H67,L67)=0,"",IFERROR(H67*L67,"")) | Q67: =IF(COUNT(O67,P67)=0,"",IFERROR(O67*1000/P67*1000,"")) | S67: =IF(COUNT(O67,P67)=0,"",IFERROR(O67*P67,"")) | U67: =IF(COUNT(T67)=0,"",IFERROR(COS(T67/180*PI()),"")) | V67: =IF(COUNT(S67,T67)=0,"",IFERROR(S67*COS(T67/360*2*3.14),"")) | W67: =IF(COUNT(V67,M67)=0,"",IFERROR(1-V67/M67,"")) | Z67: =IFERROR(IF(OR(V67="",X67="",X67=0),"",(V67-X67)/X67*100),"") | AA67: =IF(COUNT(AD67,AE67,AF67,AG67,AH67,AI67,AJ67,AK67,AL67,AC67)=0,"",IFERROR(SQRT(AD67^2+AE67^2+AF67^2+AG67^2+AH67^2+AI67^2+AJ67^2+AK67^2+AL67^2)/AC67,""))
A68: BLOCK 8 | B68: 5 | C68: SQUARE | D68: 1 | E68: 5 | G68: 50 | K68: =IF(COUNT(J68,I68)=0,"",IFERROR(J68/1000/I68,"")) | M68: =IF(COUNT(H68,L68)=0,"",IFERROR(H68*L68,"")) | Q68: =IF(COUNT(O68,P68)=0,"",IFERROR(O68*1000/P68*1000,"")) | S68: =IF(COUNT(O68,P68)=0,"",IFERROR(O68*P68,"")) | U68: =IF(COUNT(T68)=0,"",IFERROR(COS(T68/180*PI()),"")) | V68: =IF(COUNT(S68,T68)=0,"",IFERROR(S68*COS(T68/360*2*3.14),"")) | W68: =IF(COUNT(V68,M68)=0,"",IFERROR(1-V68/M68,"")) | Z68: =IFERROR(IF(OR(V68="",X68="",X68=0),"",(V68-X68)/X68*100),"") | AA68: =IF(COUNT(AD68,AE68,AF68,AG68,AH68,AI68,AJ68,AK68,AL68,AC68)=0,"",IFERROR(SQRT(AD68^2+AE68^2+AF68^2+AG68^2+AH68^2+AI68^2+AJ68^2+AK68^2+AL68^2)/AC68,""))
A69: BLOCK 8 | B69: 6 | C69: SQUARE | D69: 1 | E69: 5 | G69: 50 | K69: =IF(COUNT(J69,I69)=0,"",IFERROR(J69/1000/I69,"")) | M69: =IF(COUNT(H69,L69)=0,"",IFERROR(H69*L69,"")) | Q69: =IF(COUNT(O69,P69)=0,"",IFERROR(O69*1000/P69*1000,"")) | S69: =IF(COUNT(O69,P69)=0,"",IFERROR(O69*P69,"")) | U69: =IF(COUNT(T69)=0,"",IFERROR(COS(T69/180*PI()),"")) | V69: =IF(COUNT(S69,T69)=0,"",IFERROR(S69*COS(T69/360*2*3.14),"")) | W69: =IF(COUNT(V69,M69)=0,"",IFERROR(1-V69/M69,"")) | Z69: =IFERROR(IF(OR(V69="",X69="",X69=0),"",(V69-X69)/X69*100),"") | AA69: =IF(COUNT(AD69,AE69,AF69,AG69,AH69,AI69,AJ69,AK69,AL69,AC69)=0,"",IFERROR(SQRT(AD69^2+AE69^2+AF69^2+AG69^2+AH69^2+AI69^2+AJ69^2+AK69^2+AL69^2)/AC69,""))
A70: BLOCK 8 | B70: 7 | C70: SQUARE | D70: 1 | E70: 5 | G70: 50 | K70: =IF(COUNT(J70,I70)=0,"",IFERROR(J70/1000/I70,"")) | M70: =IF(COUNT(H70,L70)=0,"",IFERROR(H70*L70,"")) | Q70: =IF(COUNT(O70,P70)=0,"",IFERROR(O70*1000/P70*1000,"")) | S70: =IF(COUNT(O70,P70)=0,"",IFERROR(O70*P70,"")) | U70: =IF(COUNT(T70)=0,"",IFERROR(COS(T70/180*PI()),"")) | V70: =IF(COUNT(S70,T70)=0,"",IFERROR(S70*COS(T70/360*2*3.14),"")) | W70: =IF(COUNT(V70,M70)=0,"",IFERROR(1-V70/M70,"")) | Z70: =IFERROR(IF(OR(V70="",X70="",X70=0),"",(V70-X70)/X70*100),"") | AA70: =IF(COUNT(AD70,AE70,AF70,AG70,AH70,AI70,AJ70,AK70,AL70,AC70)=0,"",IFERROR(SQRT(AD70^2+AE70^2+AF70^2+AG70^2+AH70^2+AI70^2+AJ70^2+AK70^2+AL70^2)/AC70,""))
A71: BLOCK 8 | B71: 8 | C71: SQUARE | D71: 1 | E71: 5 | G71: 50 | K71: =IF(COUNT(J71,I71)=0,"",IFERROR(J71/1000/I71,"")) | M71: =IF(COUNT(H71,L71)=0,"",IFERROR(H71*L71,"")) | Q71: =IF(COUNT(O71,P71)=0,"",IFERROR(O71*1000/P71*1000,"")) | S71: =IF(COUNT(O71,P71)=0,"",IFERROR(O71*P71,"")) | U71: =IF(COUNT(T71)=0,"",IFERROR(COS(T71/180*PI()),"")) | V71: =IF(COUNT(S71,T71)=0,"",IFERROR(S71*COS(T71/360*2*3.14),"")) | W71: =IF(COUNT(V71,M71)=0,"",IFERROR(1-V71/M71,"")) | Z71: =IFERROR(IF(OR(V71="",X71="",X71=0),"",(V71-X71)/X71*100),"") | AA71: =IF(COUNT(AD71,AE71,AF71,AG71,AH71,AI71,AJ71,AK71,AL71,AC71)=0,"",IFERROR(SQRT(AD71^2+AE71^2+AF71^2+AG71^2+AH71^2+AI71^2+AJ71^2+AK71^2+AL71^2)/AC71,""))
A72: BLOCK 8 | B72: 9 | C72: SQUARE | D72: 1 | E72: 5 | G72: 50 | K72: =IF(COUNT(J72,I72)=0,"",IFERROR(J72/1000/I72,"")) | M72: =IF(COUNT(H72,L72)=0,"",IFERROR(H72*L72,"")) | Q72: =IF(COUNT(O72,P72)=0,"",IFERROR(O72*1000/P72*1000,"")) | S72: =IF(COUNT(O72,P72)=0,"",IFERROR(O72*P72,"")) | U72: =IF(COUNT(T72)=0,"",IFERROR(COS(T72/180*PI()),"")) | V72: =IF(COUNT(S72,T72)=0,"",IFERROR(S72*COS(T72/360*2*3.14),"")) | W72: =IF(COUNT(V72,M72)=0,"",IFERROR(1-V72/M72,"")) | Z72: =IFERROR(IF(OR(V72="",X72="",X72=0),"",(V72-X72)/X72*100),"") | AA72: =IF(COUNT(AD72,AE72,AF72,AG72,AH72,AI72,AJ72,AK72,AL72,AC72)=0,"",IFERROR(SQRT(AD72^2+AE72^2+AF72^2+AG72^2+AH72^2+AI72^2+AJ72^2+AK72^2+AL72^2)/AC72,""))
A73: BLOCK 8 | B73: 10 | C73: SQUARE | D73: 1 | E73: 5 | G73: 50 | K73: =IF(COUNT(J73,I73)=0,"",IFERROR(J73/1000/I73,"")) | M73: =IF(COUNT(H73,L73)=0,"",IFERROR(H73*L73,"")) | Q73: =IF(COUNT(O73,P73)=0,"",IFERROR(O73*1000/P73*1000,"")) | S73: =IF(COUNT(O73,P73)=0,"",IFERROR(O73*P73,"")) | U73: =IF(COUNT(T73)=0,"",IFERROR(COS(T73/180*PI()),"")) | V73: =IF(COUNT(S73,T73)=0,"",IFERROR(S73*COS(T73/360*2*3.14),"")) | W73: =IF(COUNT(V73,M73)=0,"",IFERROR(1-V73/M73,"")) | Z73: =IFERROR(IF(OR(V73="",X73="",X73=0),"",(V73-X73)/X73*100),"") | AA73: =IF(COUNT(AD73,AE73,AF73,AG73,AH73,AI73,AJ73,AK73,AL73,AC73)=0,"",IFERROR(SQRT(AD73^2+AE73^2+AF73^2+AG73^2+AH73^2+AI73^2+AJ73^2+AK73^2+AL73^2)/AC73,""))
A74: BLOCK 8 | B74: 11 | C74: SQUARE | D74: 1 | E74: 5 | G74: 50 | K74: =IF(COUNT(J74,I74)=0,"",IFERROR(J74/1000/I74,"")) | M74: =IF(COUNT(H74,L74)=0,"",IFERROR(H74*L74,"")) | Q74: =IF(COUNT(O74,P74)=0,"",IFERROR(O74*1000/P74*1000,"")) | S74: =IF(COUNT(O74,P74)=0,"",IFERROR(O74*P74,"")) | U74: =IF(COUNT(T74)=0,"",IFERROR(COS(T74/180*PI()),"")) | V74: =IF(COUNT(S74,T74)=0,"",IFERROR(S74*COS(T74/360*2*3.14),"")) | W74: =IF(COUNT(V74,M74)=0,"",IFERROR(1-V74/M74,"")) | Z74: =IFERROR(IF(OR(V74="",X74="",X74=0),"",(V74-X74)/X74*100),"") | AA74: =IF(COUNT(AD74,AE74,AF74,AG74,AH74,AI74,AJ74,AK74,AL74,AC74)=0,"",IFERROR(SQRT(AD74^2+AE74^2+AF74^2+AG74^2+AH74^2+AI74^2+AJ74^2+AK74^2+AL74^2)/AC74,""))
A75: BLOCK 8 | B75: 12 | C75: SQUARE | D75: 1 | E75: 5 | G75: 50 | K75: =IF(COUNT(J75,I75)=0,"",IFERROR(J75/1000/I75,"")) | M75: =IF(COUNT(H75,L75)=0,"",IFERROR(H75*L75,"")) | Q75: =IF(COUNT(O75,P75)=0,"",IFERROR(O75*1000/P75*1000,"")) | S75: =IF(COUNT(O75,P75)=0,"",IFERROR(O75*P75,"")) | U75: =IF(COUNT(T75)=0,"",IFERROR(COS(T75/180*PI()),"")) | V75: =IF(COUNT(S75,T75)=0,"",IFERROR(S75*COS(T75/360*2*3.14),"")) | W75: =IF(COUNT(V75,M75)=0,"",IFERROR(1-V75/M75,"")) | Z75: =IFERROR(IF(OR(V75="",X75="",X75=0),"",(V75-X75)/X75*100),"") | AA75: =IF(COUNT(AD75,AE75,AF75,AG75,AH75,AI75,AJ75,AK75,AL75,AC75)=0,"",IFERROR(SQRT(AD75^2+AE75^2+AF75^2+AG75^2+AH75^2+AI75^2+AJ75^2+AK75^2+AL75^2)/AC75,""))

Sheet Exp 2.2 - DBD_Freq_sweep
A1: Exp 2.2 - DBD Freq sweep
A2: CONDITIONS | I2: PRIMARY | N2: HV SECONDARY | R2: POWER | AA2: SIGNAL QUALITY | AM2: PHYSICAL STATE | AQ2: TRACEABILITY
A3: Block | B3: Step | C3: Mode | D3: Turns/branch | E3: Frequency (kHz) | F3: Burst Frequency (kHz) | G3: DutyCycle (%) | H3: V_Buck setpoint (V) | I3: V_Buck_Average (V) | J3: V_Buck_Ripple (mV) | K3: Relative_Ripple (%) | L3: I_primary (A) | M3: P_input (W) | N3: V_secondary_pp (kV) | O3: V_secondary_RMS (kV) | P3: I_sec_RMS (mA) | Q3: Load_Impedance (Ohm) | R3: VxI_RMS (W) | S3: Apparent Power (VA) | T3: Phase Angle° | U3: Power factor | V3: Real Power(W) | W3: Loss fraction (1-η) | X3: Real Power_scope (W) | Y3: Power Factor_scope | Z3: cos(φ) vs scope deviation (%) | AA3: THD (%) | AB3: Waveform | AC3: V1 (Vrms) | AD3: V2 | AE3: V3 | AF3: V4 | AG3: V5 | AH3: V6 | AI3: V7 | AJ3: V8 | AK3: V9 | AL3: V10 | AM3: T_MOSFET (°C) | AN3: Stability | AO3: Plasma state | AP3: Ignition threshold? | AQ3: Photo | AR3: Observations
A4: BLOCK 1 — DBD · Freq-sweep 2→60 kHz · 2 V · DC 100% · SQUARE · 3 turns/branch (no plasma at 2 V)
A5: BLOCK 1 | B5: 1 | C5: SQUARE | D5: 3 | E5: 2 | G5: 100 | H5: 2 | I5: 1.996 | J5: 75 | K5: =IF(COUNT(J5,I5)=0,"",IFERROR(J5/1000/I5,"")) -> 0.03757515 | L5: 0.37 | M5: =IF(COUNT(H5,L5)=0,"",IFERROR(H5*L5,"")) -> 0.74 | N5: 2.01 | O5: 0.664 | P5: 0.325 | Q5: =IF(COUNT(O5,P5)=0,"",IFERROR(O5*1000/P5*1000,"")) -> 2043076.9 | S5: =IF(COUNT(O5,P5)=0,"",IFERROR(O5*P5,"")) -> 0.2158 | T5: 58.5 | U5: =IF(COUNT(T5)=0,"",IFERROR(COS(T5/180*PI()),"")) -> 0.52249856 | V5: =IF(COUNT(S5,T5)=0,"",IFERROR(S5*COS(T5/360*2*3.14),"")) -> 0.11285042 | W5: =IF(COUNT(V5,M5)=0,"",IFERROR(1-V5/M5,"")) -> 0.84749944 | Z5: =IFERROR(IF(OR(V5="",X5="",X5=0),"",(V5-X5)/X5*100),"") | AA5: =IF(COUNT(AD5,AE5,AF5,AG5,AH5,AI5,AJ5,AK5,AL5,AC5)=0,"",IFERROR(SQRT(AD5^2+AE5^2+AF5^2+AG5^2+AH5^2+AI5^2+AJ5^2+AK5^2+AL5^2)/AC5,"")) -> 0.24387599 | AB5: sine | AC5: 648 | AD5: 114 | AE5: 75 | AF5: 74 | AG5: 29 | AH5: 6 | AM5: 27 | AN5: stable | AO5: 0 | AP5: / | AQ5: / | AR5: /
A6: BLOCK 1 | B6: 2 | C6: SQUARE | D6: 3 | E6: 4 | G6: 100 | H6: 2 | I6: 1.993 | J6: 91 | K6: =IF(COUNT(J6,I6)=0,"",IFERROR(J6/1000/I6,"")) -> 0.045659809 | L6: 0.32 | M6: =IF(COUNT(H6,L6)=0,"",IFERROR(H6*L6,"")) -> 0.64 | N6: 3.09 | O6: 1.05 | P6: 0.251 | Q6: =IF(COUNT(O6,P6)=0,"",IFERROR(O6*1000/P6*1000,"")) -> 4183266.9 | S6: =IF(COUNT(O6,P6)=0,"",IFERROR(O6*P6,"")) -> 0.26355 | T6: 84 | U6: =IF(COUNT(T6)=0,"",IFERROR(COS(T6/180*PI()),"")) -> 0.10452846 | V6: =IF(COUNT(S6,T6)=0,"",IFERROR(S6*COS(T6/360*2*3.14),"")) -> 0.027743276 | W6: =IF(COUNT(V6,M6)=0,"",IFERROR(1-V6/M6,"")) -> 0.95665113 | Z6: =IFERROR(IF(OR(V6="",X6="",X6=0),"",(V6-X6)/X6*100),"") | AA6: =IF(COUNT(AD6,AE6,AF6,AG6,AH6,AI6,AJ6,AK6,AL6,AC6)=0,"",IFERROR(SQRT(AD6^2+AE6^2+AF6^2+AG6^2+AH6^2+AI6^2+AJ6^2+AK6^2+AL6^2)/AC6,"")) -> 0.1337855 | AB6: "Broken" sine | AC6: 1024 | AD6: 114 | AE6: 67 | AF6: 29 | AG6: 19 | AH6: 9 | AM6: 26 | AN6: stable | AO6: 0 | AP6: / | AQ6: / | AR6: /
A7: BLOCK 1 | B7: 3 | C7: SQUARE | D7: 3 | E7: 5 | G7: 100 | H7: 2 | I7: 1.995 | J7: 99 | K7: =IF(COUNT(J7,I7)=0,"",IFERROR(J7/1000/I7,"")) -> 0.04962406 | L7: 0.31 | M7: =IF(COUNT(H7,L7)=0,"",IFERROR(H7*L7,"")) -> 0.62 | N7: 3.44 | O7: 1.29 | P7: 0.57 | Q7: =IF(COUNT(O7,P7)=0,"",IFERROR(O7*1000/P7*1000,"")) -> 2263157.9 | S7: =IF(COUNT(O7,P7)=0,"",IFERROR(O7*P7,"")) -> 0.7353 | T7: 66.8 | U7: =IF(COUNT(T7)=0,"",IFERROR(COS(T7/180*PI()),"")) -> 0.39394191 | V7: =IF(COUNT(S7,T7)=0,"",IFERROR(S7*COS(T7/360*2*3.14),"")) -> 0.29006489 | W7: =IF(COUNT(V7,M7)=0,"",IFERROR(1-V7/M7,"")) -> 0.5321534 | Z7: =IFERROR(IF(OR(V7="",X7="",X7=0),"",(V7-X7)/X7*100),"") | AA7: =IF(COUNT(AD7,AE7,AF7,AG7,AH7,AI7,AJ7,AK7,AL7,AC7)=0,"",IFERROR(SQRT(AD7^2+AE7^2+AF7^2+AG7^2+AH7^2+AI7^2+AJ7^2+AK7^2+AL7^2)/AC7,"")) -> 0.23874306 | AB7: Slightly distorted sine | AC7: 1225 | AD7: 260 | AE7: 124 | AF7: 41 | AG7: 26 | AH7: 10 | AI7: 8 | AJ7: 6 | AM7: 25 | AN7: stable | AO7: 0 | AP7: / | AQ7: / | AR7: /
A8: BLOCK 1 | B8: 4 | C8: SQUARE | D8: 3 | E8: 7.5 | G8: 100 | H8: 2 | I8: 1.994 | J8: 117 | K8: =IF(COUNT(J8,I8)=0,"",IFERROR(J8/1000/I8,"")) -> 0.058676028 | L8: 0.56 | M8: =IF(COUNT(H8,L8)=0,"",IFERROR(H8*L8,"")) -> 1.12 | N8: 2.75 | O8: 0.931 | P8: 0.77 | Q8: =IF(COUNT(O8,P8)=0,"",IFERROR(O8*1000/P8*1000,"")) -> 1209090.9 | S8: =IF(COUNT(O8,P8)=0,"",IFERROR(O8*P8,"")) -> 0.71687 | T8: 56.3 | U8: =IF(COUNT(T8)=0,"",IFERROR(COS(T8/180*PI()),"")) -> 0.55484443 | V8: =IF(COUNT(S8,T8)=0,"",IFERROR(S8*COS(T8/360*2*3.14),"")) -> 0.39804837 | W8: =IF(COUNT(V8,M8)=0,"",IFERROR(1-V8/M8,"")) -> 0.64459967 | Z8: =IFERROR(IF(OR(V8="",X8="",X8=0),"",(V8-X8)/X8*100),"") | AA8: =IF(COUNT(AD8,AE8,AF8,AG8,AH8,AI8,AJ8,AK8,AL8,AC8)=0,"",IFERROR(SQRT(AD8^2+AE8^2+AF8^2+AG8^2+AH8^2+AI8^2+AJ8^2+AK8^2+AL8^2)/AC8,"")) -> 0.25351287 | AB8: near-triangular sine | AC8: 896 | AD8: 221 | AE8: 45 | AF8: 18 | AG8: 17 | AH8: 9 | AI8: 6 | AM8: 27 | AN8: stable | AO8: 0 | AP8: / | AQ8: / | AR8: /
A9: BLOCK 1 | B9: 5 | C9: SQUARE | D9: 3 | E9: 10 | G9: 100 | H9: 2 | I9: 1.998 | J9: 113 | K9: =IF(COUNT(J9,I9)=0,"",IFERROR(J9/1000/I9,"")) -> 0.056556557 | L9: 0.59 | M9: =IF(COUNT(H9,L9)=0,"",IFERROR(H9*L9,"")) -> 1.18 | N9: 1.84 | O9: 0.619 | P9: 0.854 | Q9: =IF(COUNT(O9,P9)=0,"",IFERROR(O9*1000/P9*1000,"")) -> 724824.36 | S9: =IF(COUNT(O9,P9)=0,"",IFERROR(O9*P9,"")) -> 0.528626 | T9: 59.4 | U9: =IF(COUNT(T9)=0,"",IFERROR(COS(T9/180*PI()),"")) -> 0.50904142 | V9: =IF(COUNT(S9,T9)=0,"",IFERROR(S9*COS(T9/360*2*3.14),"")) -> 0.26933163 | W9: =IF(COUNT(V9,M9)=0,"",IFERROR(1-V9/M9,"")) -> 0.77175285 | Z9: =IFERROR(IF(OR(V9="",X9="",X9=0),"",(V9-X9)/X9*100),"") | AA9: =IF(COUNT(AD9,AE9,AF9,AG9,AH9,AI9,AJ9,AK9,AL9,AC9)=0,"",IFERROR(SQRT(AD9^2+AE9^2+AF9^2+AG9^2+AH9^2+AI9^2+AJ9^2+AK9^2+AL9^2)/AC9,"")) -> 0.37124333 | AB9: near-triangular | AC9: 585 | AD9: 212 | AE9: 42 | AF9: 16 | AG9: 11 | AH9: 9 | AM9: 27 | AN9: slight instability | AO9: 0 | AP9: / | AQ9: / | AR9: /
A10: BLOCK 1 | B10: 6 | C10: SQUARE | D10: 3 | E10: 15 | G10: 100 | H10: 2 | I10: 2 | J10: 49 | K10: =IF(COUNT(J10,I10)=0,"",IFERROR(J10/1000/I10,"")) -> 0.0245 | L10: 0.59 | M10: =IF(COUNT(H10,L10)=0,"",IFERROR(H10*L10,"")) -> 1.18 | N10: 1.09 | O10: 0.386 | P10: 0.844 | Q10: =IF(COUNT(O10,P10)=0,"",IFERROR(O10*1000/P10*1000,"")) -> 457345.97 | S10: =IF(COUNT(O10,P10)=0,"",IFERROR(O10*P10,"")) -> 0.325784 | T10: 68 | U10: =IF(COUNT(T10)=0,"",IFERROR(COS(T10/180*PI()),"")) -> 0.37460659 | V10: =IF(COUNT(S10,T10)=0,"",IFERROR(S10*COS(T10/360*2*3.14),"")) -> 0.12222255 | W10: =IF(COUNT(V10,M10)=0,"",IFERROR(1-V10/M10,"")) -> 0.89642156 | Z10: =IFERROR(IF(OR(V10="",X10="",X10=0),"",(V10-X10)/X10*100),"") | AA10: =IF(COUNT(AD10,AE10,AF10,AG10,AH10,AI10,AJ10,AK10,AL10,AC10)=0,"",IFERROR(SQRT(AD10^2+AE10^2+AF10^2+AG10^2+AH10^2+AI10^2+AJ10^2+AK10^2+AL10^2)/AC10,"")) -> 0.66542076 | AB10: near-triangular | AC10: 317 | AD10: 209 | AE10: 27 | AF10: 7 | AG10: 6 | AM10: 27 | AN10: slight instability | AO10: 0 | AP10: / | AQ10: / | AR10: /
A11: BLOCK 1 | B11: 7 | C11: SQUARE | D11: 3 | E11: 20 | G11: 100 | H11: 2 | I11: 2 | J11: 95 | K11: =IF(COUNT(J11,I11)=0,"",IFERROR(J11/1000/I11,"")) -> 0.0475 | L11: 0.58 | M11: =IF(COUNT(H11,L11)=0,"",IFERROR(H11*L11,"")) -> 1.16 | N11: 0.918 | O11: 0.3 | P11: 0.912 | Q11: =IF(COUNT(O11,P11)=0,"",IFERROR(O11*1000/P11*1000,"")) -> 328947.37 | S11: =IF(COUNT(O11,P11)=0,"",IFERROR(O11*P11,"")) -> 0.2736 | T11: 76.1 | U11: =IF(COUNT(T11)=0,"",IFERROR(COS(T11/180*PI()),"")) -> 0.24022804 | V11: =IF(COUNT(S11,T11)=0,"",IFERROR(S11*COS(T11/360*2*3.14),"")) -> 0.065905208 | W11: =IF(COUNT(V11,M11)=0,"",IFERROR(1-V11/M11,"")) -> 0.94318517 | Z11: =IFERROR(IF(OR(V11="",X11="",X11=0),"",(V11-X11)/X11*100),"") | AA11: =IF(COUNT(AD11,AE11,AF11,AG11,AH11,AI11,AJ11,AK11,AL11,AC11)=0,"",IFERROR(SQRT(AD11^2+AE11^2+AF11^2+AG11^2+AH11^2+AI11^2+AJ11^2+AK11^2+AL11^2)/AC11,"")) -> 0.89101905 | AB11: triangle | AC11: 226 | AD11: 199 | AE11: 24 | AF11: 18 | AG11: 7 | AM11: 27 | AN11: slight instability | AO11: 0 | AP11: / | AQ11: / | AR11: /
A12: BLOCK 1 | B12: 8 | C12: SQUARE | D12: 3 | E12: 30 | G12: 100 | H12: 2 | I12: 2.01 | J12: 89 | K12: =IF(COUNT(J12,I12)=0,"",IFERROR(J12/1000/I12,"")) -> 0.044278607 | L12: 0.56 | M12: =IF(COUNT(H12,L12)=0,"",IFERROR(H12*L12,"")) -> 1.12 | N12: 0.463 | O12: 0.153 | P12: 0.901 | Q12: =IF(COUNT(O12,P12)=0,"",IFERROR(O12*1000/P12*1000,"")) -> 169811.32 | S12: =IF(COUNT(O12,P12)=0,"",IFERROR(O12*P12,"")) -> 0.137853 | T12: 81 | U12: =IF(COUNT(T12)=0,"",IFERROR(COS(T12/180*PI()),"")) -> 0.15643447 | V12: =IF(COUNT(S12,T12)=0,"",IFERROR(S12*COS(T12/360*2*3.14),"")) -> 0.021662537 | W12: =IF(COUNT(V12,M12)=0,"",IFERROR(1-V12/M12,"")) -> 0.98065845 | Z12: =IFERROR(IF(OR(V12="",X12="",X12=0),"",(V12-X12)/X12*100),"") | AA12: =IF(COUNT(AD12,AE12,AF12,AG12,AH12,AI12,AJ12,AK12,AL12,AC12)=0,"",IFERROR(SQRT(AD12^2+AE12^2+AF12^2+AG12^2+AH12^2+AI12^2+AJ12^2+AK12^2+AL12^2)/AC12,"")) -> 0.41410094 | AB12: triangle | AC12: 140 | AD12: 56 | AE12: 15 | AM12: 27 | AN12: slight instability | AO12: 0 | AP12: / | AQ12: / | AR12: /
A13: BLOCK 1 | B13: 9 | C13: SQUARE | D13: 3 | E13: 40 | G13: 100 | H13: 2 | I13: 2.02 | J13: 83 | K13: =IF(COUNT(J13,I13)=0,"",IFERROR(J13/1000/I13,"")) -> 0.041089109 | L13: 0.54 | M13: =IF(COUNT(H13,L13)=0,"",IFERROR(H13*L13,"")) -> 1.08 | N13: 0.314 | O13: 0.112 | P13: 0.865 | Q13: =IF(COUNT(O13,P13)=0,"",IFERROR(O13*1000/P13*1000,"")) -> 129479.77 | S13: =IF(COUNT(O13,P13)=0,"",IFERROR(O13*P13,"")) -> 0.09688 | T13: 87 | U13: =IF(COUNT(T13)=0,"",IFERROR(COS(T13/180*PI()),"")) -> 0.052335956 | V13: =IF(COUNT(S13,T13)=0,"",IFERROR(S13*COS(T13/360*2*3.14),"")) -> 0.0051447803 | W13: =IF(COUNT(V13,M13)=0,"",IFERROR(1-V13/M13,"")) -> 0.99523631 | Z13: =IFERROR(IF(OR(V13="",X13="",X13=0),"",(V13-X13)/X13*100),"") | AA13: =IF(COUNT(AD13,AE13,AF13,AG13,AH13,AI13,AJ13,AK13,AL13,AC13)=0,"",IFERROR(SQRT(AD13^2+AE13^2+AF13^2+AG13^2+AH13^2+AI13^2+AJ13^2+AK13^2+AL13^2)/AC13,"")) -> 0.43602935 | AB13: triangle | AC13: 103 | AD13: 44 | AE13: 9 | AM13: 27 | AN13: slight instability | AO13: 0 | AP13: / | AQ13: / | AR13: /
A14: BLOCK 1 | B14: 10 | C14: SQUARE | D14: 3 | E14: 50 | G14: 100 | H14: 2 | I14: 2.03 | J14: 139 | K14: =IF(COUNT(J14,I14)=0,"",IFERROR(J14/1000/I14,"")) -> 0.068472906 | L14: 0.52 | M14: =IF(COUNT(H14,L14)=0,"",IFERROR(H14*L14,"")) -> 1.04 | N14: 0.257 | O14: 0.091 | P14: 0.884 | Q14: =IF(COUNT(O14,P14)=0,"",IFERROR(O14*1000/P14*1000,"")) -> 102941.18 | S14: =IF(COUNT(O14,P14)=0,"",IFERROR(O14*P14,"")) -> 0.080444 | T14: 91 | U14: =IF(COUNT(T14)=0,"",IFERROR(COS(T14/180*PI()),"")) -> -0.017452406 | V14: =IF(COUNT(S14,T14)=0,"",IFERROR(S14*COS(T14/360*2*3.14),"")) -> -0.0013391793 | W14: =IF(COUNT(V14,M14)=0,"",IFERROR(1-V14/M14,"")) -> 1.0012877 | Z14: =IFERROR(IF(OR(V14="",X14="",X14=0),"",(V14-X14)/X14*100),"") | AA14: =IF(COUNT(AD14,AE14,AF14,AG14,AH14,AI14,AJ14,AK14,AL14,AC14)=0,"",IFERROR(SQRT(AD14^2+AE14^2+AF14^2+AG14^2+AH14^2+AI14^2+AJ14^2+AK14^2+AL14^2)/AC14,"")) -> 0.56211654 | AB14: triangle | AC14: 79 | AD14: 44 | AE14: 6 | AM14: 27 | AN14: slight instability | AO14: 0 | AP14: / | AQ14: / | AR14: /
A15: BLOCK 1 | B15: 11 | C15: SQUARE | D15: 3 | E15: 60 | G15: 100 | H15: 2 | I15: 2.04 | J15: 81 | K15: =IF(COUNT(J15,I15)=0,"",IFERROR(J15/1000/I15,"")) -> 0.039705882 | L15: 0.49 | M15: =IF(COUNT(H15,L15)=0,"",IFERROR(H15*L15,"")) -> 0.98 | N15: 0.242 | O15: 0.078 | P15: 0.799 | Q15: =IF(COUNT(O15,P15)=0,"",IFERROR(O15*1000/P15*1000,"")) -> 97622.028 | S15: =IF(COUNT(O15,P15)=0,"",IFERROR(O15*P15,"")) -> 0.062322 | T15: 94.8 | U15: =IF(COUNT(T15)=0,"",IFERROR(COS(T15/180*PI()),"")) -> -0.083677843 | V15: =IF(COUNT(S15,T15)=0,"",IFERROR(S15*COS(T15/360*2*3.14),"")) -> -0.0051628765 | W15: =IF(COUNT(V15,M15)=0,"",IFERROR(1-V15/M15,"")) -> 1.0052682 | Z15: =IFERROR(IF(OR(V15="",X15="",X15=0),"",(V15-X15)/X15*100),"") | AA15: =IF(COUNT(AD15,AE15,AF15,AG15,AH15,AI15,AJ15,AK15,AL15,AC15)=0,"",IFERROR(SQRT(AD15^2+AE15^2+AF15^2+AG15^2+AH15^2+AI15^2+AJ15^2+AK15^2+AL15^2)/AC15,"")) -> 0.73992775 | AB15: distorted sine | AC15: 63 | AD15: 43 | AE15: 18 | AM15: 27 | AN15: slight instability | AO15: 0 | AP15: / | AQ15: / | AR15: /
A16: BLOCK 2 — DBD · Freq-sweep 2→60 kHz · 4 V · DC 100% · SQUARE · 3 turns/branch (8/11 steps; 5 V discarded: current drift at 2 kHz)
A17: BLOCK 2 | B17: 1 | C17: SQUARE | D17: 3 | E17: 2 | G17: 100 | H17: 4 | J17: 239 | K17: =IF(COUNT(J17,I17)=0,"",IFERROR(J17/1000/I17,"")) | L17: 1.43 | M17: =IF(COUNT(H17,L17)=0,"",IFERROR(H17*L17,"")) -> 5.72 | N17: 6.16 | O17: 1.57 | Q17: =IF(COUNT(O17,P17)=0,"",IFERROR(O17*1000/P17*1000,"")) | S17: =IF(COUNT(O17,P17)=0,"",IFERROR(O17*P17,"")) -> 0 | T17: 89.5 | U17: =IF(COUNT(T17)=0,"",IFERROR(COS(T17/180*PI()),"")) -> 0.0087265355 | V17: =IF(COUNT(S17,T17)=0,"",IFERROR(S17*COS(T17/360*2*3.14),"")) -> 0 | W17: =IF(COUNT(V17,M17)=0,"",IFERROR(1-V17/M17,"")) -> 1 | X17: 0.567 | Y17: 0.012 | Z17: =IFERROR(IF(OR(V17="",X17="",X17=0),"",(V17-X17)/X17*100),"") -> -100 | AA17: =IF(COUNT(AD17,AE17,AF17,AG17,AH17,AI17,AJ17,AK17,AL17,AC17)=0,"",IFERROR(SQRT(AD17^2+AE17^2+AF17^2+AG17^2+AH17^2+AI17^2+AJ17^2+AK17^2+AL17^2)/AC17,"")) -> 0.72884039 | AB17: distorted sine with carrier | AC17: 1250 | AD17: 839 | AE17: 239 | AF17: 204 | AG17: 98 | AH17: 98 | AI17: 51 | AJ17: 49 | AK17: 48 | AL17: 29 | AM17: 54 | AN17: slight instability | AO17: 0 | AP17: / | AQ17: / | AR17: /
A18: BLOCK 2 | B18: 2 | C18: SQUARE | D18: 3 | E18: 4 | G18: 100 | H18: 4 | J18: 239 | K18: =IF(COUNT(J18,I18)=0,"",IFERROR(J18/1000/I18,"")) | L18: 0.85 | M18: =IF(COUNT(H18,L18)=0,"",IFERROR(H18*L18,"")) -> 3.4 | N18: 5.13 | O18: 1.77 | Q18: =IF(COUNT(O18,P18)=0,"",IFERROR(O18*1000/P18*1000,"")) | S18: =IF(COUNT(O18,P18)=0,"",IFERROR(O18*P18,"")) -> 0 | T18: 77 | U18: =IF(COUNT(T18)=0,"",IFERROR(COS(T18/180*PI()),"")) -> 0.22495105 | V18: =IF(COUNT(S18,T18)=0,"",IFERROR(S18*COS(T18/360*2*3.14),"")) -> 0 | W18: =IF(COUNT(V18,M18)=0,"",IFERROR(1-V18/M18,"")) -> 1 | X18: 0.325 | Y18: 0.228 | Z18: =IFERROR(IF(OR(V18="",X18="",X18=0),"",(V18-X18)/X18*100),"") -> -100 | AA18: =IF(COUNT(AD18,AE18,AF18,AG18,AH18,AI18,AJ18,AK18,AL18,AC18)=0,"",IFERROR(SQRT(AD18^2+AE18^2+AF18^2+AG18^2+AH18^2+AI18^2+AJ18^2+AK18^2+AL18^2)/AC18,"")) -> 0.17069925 | AB18: slightly distorted sine | AC18: 1607 | AD18: 218 | AE18: 160 | AF18: 40 | AG18: 15 | AH18: 13 | AI18: 9 | AJ18: 7 | AM18: 40 | AN18: stable | AO18: 0 | AP18: / | AQ18: / | AR18: /
A19: BLOCK 2 | B19: 3 | C19: SQUARE | D19: 3 | E19: 5 | G19: 100 | H19: 4 | J19: 239 | K19: =IF(COUNT(J19,I19)=0,"",IFERROR(J19/1000/I19,"")) | L19: 0.55 | M19: =IF(COUNT(H19,L19)=0,"",IFERROR(H19*L19,"")) -> 2.2 | N19: 5.13 | O19: 1.89 | P19: 0.912 | Q19: =IF(COUNT(O19,P19)=0,"",IFERROR(O19*1000/P19*1000,"")) -> 2072368.4 | S19: =IF(COUNT(O19,P19)=0,"",IFERROR(O19*P19,"")) -> 1.72368 | T19: 86 | U19: =IF(COUNT(T19)=0,"",IFERROR(COS(T19/180*PI()),"")) -> 0.069756474 | V19: =IF(COUNT(S19,T19)=0,"",IFERROR(S19*COS(T19/360*2*3.14),"")) -> 0.12154622 | W19: =IF(COUNT(V19,M19)=0,"",IFERROR(1-V19/M19,"")) -> 0.94475172 | X19: 0.12 | Y19: 0.067 | Z19: =IFERROR(IF(OR(V19="",X19="",X19=0),"",(V19-X19)/X19*100),"") -> 1.2885136 | AA19: =IF(COUNT(AD19,AE19,AF19,AG19,AH19,AI19,AJ19,AK19,AL19,AC19)=0,"",IFERROR(SQRT(AD19^2+AE19^2+AF19^2+AG19^2+AH19^2+AI19^2+AJ19^2+AK19^2+AL19^2)/AC19,"")) -> 0.094861255 | AB19: sine | AC19: 1856 | AD19: 143 | AE19: 98 | AF19: 21 | AG19: 15 | AH19: 9 | AI19: 8 | AJ19: 7 | AK19: 7 | AL19: 6 | AM19: 31 | AN19: stable | AO19: 1 | AP19: / | AQ19: / | AR19: /
A20: BLOCK 2 | B20: 4 | C20: SQUARE | D20: 3 | E20: 7.5 | G20: 100 | H20: 4 | J20: 239 | K20: =IF(COUNT(J20,I20)=0,"",IFERROR(J20/1000/I20,"")) | L20: 0.92 | M20: =IF(COUNT(H20,L20)=0,"",IFERROR(H20*L20,"")) -> 3.68 | N20: 4.26 | O20: 1.48 | P20: 1.45 | Q20: =IF(COUNT(O20,P20)=0,"",IFERROR(O20*1000/P20*1000,"")) -> 1020689.7 | S20: =IF(COUNT(O20,P20)=0,"",IFERROR(O20*P20,"")) -> 2.146 | T20: 75 | U20: =IF(COUNT(T20)=0,"",IFERROR(COS(T20/180*PI()),"")) -> 0.25881905 | V20: =IF(COUNT(S20,T20)=0,"",IFERROR(S20*COS(T20/360*2*3.14),"")) -> 0.55680112 | W20: =IF(COUNT(V20,M20)=0,"",IFERROR(1-V20/M20,"")) -> 0.84869535 | Z20: =IFERROR(IF(OR(V20="",X20="",X20=0),"",(V20-X20)/X20*100),"") | AA20: =IF(COUNT(AD20,AE20,AF20,AG20,AH20,AI20,AJ20,AK20,AL20,AC20)=0,"",IFERROR(SQRT(AD20^2+AE20^2+AF20^2+AG20^2+AH20^2+AI20^2+AJ20^2+AK20^2+AL20^2)/AC20,"")) -> 0.14059293 | AB20: slightly distorted sine | AC20: 1460 | AD20: 145 | AE20: 139 | AF20: 31 | AG20: 19 | AH20: 15 | AI20: 13 | AJ20: 6 | AK20: 6 | AM20: 40 | AN20: stable | AO20: 1 | AP20: / | AQ20: / | AR20: /
A21: BLOCK 2 | B21: 5 | C21: SQUARE | D21: 3 | E21: 10 | G21: 100 | H21: 4 | J21: 479 | K21: =IF(COUNT(J21,I21)=0,"",IFERROR(J21/1000/I21,"")) | L21: 1.49 | M21: =IF(COUNT(H21,L21)=0,"",IFERROR(H21*L21,"")) -> 5.96 | N21: 4.26 | O21: 1.39 | P21: 2.37 | Q21: =IF(COUNT(O21,P21)=0,"",IFERROR(O21*1000/P21*1000,"")) -> 586497.89 | S21: =IF(COUNT(O21,P21)=0,"",IFERROR(O21*P21,"")) -> 3.2943 | T21: 74 | U21: =IF(COUNT(T21)=0,"",IFERROR(COS(T21/180*PI()),"")) -> 0.27563736 | V21: =IF(COUNT(S21,T21)=0,"",IFERROR(S21*COS(T21/360*2*3.14),"")) -> 0.91010536 | W21: =IF(COUNT(V21,M21)=0,"",IFERROR(1-V21/M21,"")) -> 0.84729776 | X21: 0.903 | Y21: 0.265 | Z21: =IFERROR(IF(OR(V21="",X21="",X21=0),"",(V21-X21)/X21*100),"") -> 0.78686125 | AA21: =IF(COUNT(AD21,AE21,AF21,AG21,AH21,AI21,AJ21,AK21,AL21,AC21)=0,"",IFERROR(SQRT(AD21^2+AE21^2+AF21^2+AG21^2+AH21^2+AI21^2+AJ21^2+AK21^2+AL21^2)/AC21,"")) -> 0.15289228 | AB21: distorted sine - triangle | AC21: 1344 | AD21: 145 | AE21: 139 | AF21: 31 | AG21: 23 | AH21: 15 | AI21: 10 | AJ21: 8 | AM21: 53 | AN21: stable | AO21: 1 | AP21: / | AQ21: / | AR21: /
A22: BLOCK 2 | B22: 6 | C22: SQUARE | D22: 3 | E22: 15 | G22: 100 | H22: 4 | J22: 1182 | K22: =IF(COUNT(J22,I22)=0,"",IFERROR(J22/1000/I22,"")) | L22: 2.39 | M22: =IF(COUNT(H22,L22)=0,"",IFERROR(H22*L22,"")) -> 9.56 | N22: 4.18 | O22: 1.36 | P22: 4.23 | Q22: =IF(COUNT(O22,P22)=0,"",IFERROR(O22*1000/P22*1000,"")) -> 321513 | S22: =IF(COUNT(O22,P22)=0,"",IFERROR(O22*P22,"")) -> 5.7528 | T22: 79.8 | U22: =IF(COUNT(T22)=0,"",IFERROR(COS(T22/180*PI()),"")) -> 0.17708474 | V22: =IF(COUNT(S22,T22)=0,"",IFERROR(S22*COS(T22/360*2*3.14),"")) -> 1.0227306 | W22: =IF(COUNT(V22,M22)=0,"",IFERROR(1-V22/M22,"")) -> 0.89301982 | X22: 1.04 | Y22: 0.166 | Z22: =IFERROR(IF(OR(V22="",X22="",X22=0),"",(V22-X22)/X22*100),"") -> -1.6605231 | AA22: =IF(COUNT(AD22,AE22,AF22,AG22,AH22,AI22,AJ22,AK22,AL22,AC22)=0,"",IFERROR(SQRT(AD22^2+AE22^2+AF22^2+AG22^2+AH22^2+AI22^2+AJ22^2+AK22^2+AL22^2)/AC22,"")) -> 0.18310932 | AB22: triangle | AC22: 1332 | AD22: 192 | AE22: 141 | AF22: 36 | AG22: 29 | AH22: 19 | AI22: 14 | AJ22: 7 | AM22: 74 | AN22: stable | AO22: 1 | AP22: / | AQ22: / | AR22: /
A23: BLOCK 2 | B23: 7 | C23: SQUARE | D23: 3 | E23: 20 | G23: 100 | H23: 4 | J23: 1277 | K23: =IF(COUNT(J23,I23)=0,"",IFERROR(J23/1000/I23,"")) | L23: 2.98 | M23: =IF(COUNT(H23,L23)=0,"",IFERROR(H23*L23,"")) -> 11.92 | N23: 3.71 | O23: 1.24 | P23: 5.25 | Q23: =IF(COUNT(O23,P23)=0,"",IFERROR(O23*1000/P23*1000,"")) -> 236190.48 | S23: =IF(COUNT(O23,P23)=0,"",IFERROR(O23*P23,"")) -> 6.51 | T23: 80.1 | U23: =IF(COUNT(T23)=0,"",IFERROR(COS(T23/180*PI()),"")) -> 0.1719291 | V23: =IF(COUNT(S23,T23)=0,"",IFERROR(S23*COS(T23/360*2*3.14),"")) -> 1.1238033 | W23: =IF(COUNT(V23,M23)=0,"",IFERROR(1-V23/M23,"")) -> 0.9057212 | X23: 1.022 | Y23: 0.149 | Z23: =IFERROR(IF(OR(V23="",X23="",X23=0),"",(V23-X23)/X23*100),"") -> 9.9611836 | AA23: =IF(COUNT(AD23,AE23,AF23,AG23,AH23,AI23,AJ23,AK23,AL23,AC23)=0,"",IFERROR(SQRT(AD23^2+AE23^2+AF23^2+AG23^2+AH23^2+AI23^2+AJ23^2+AK23^2+AL23^2)/AC23,"")) -> 0.18709556 | AB23: triangle | AC23: 1225 | AD23: 192 | AE23: 118 | AF23: 29 | AG23: 24 | AH23: 18 | AM23: 78 | AN23: stable | AO23: 0 | AP23: / | AQ23: / | AR23: /
A24: BLOCK 2 | B24: 8 | C24: SQUARE | D24: 3 | E24: 30 | G24: 100 | H24: 4 | J24: 1517 | K24: =IF(COUNT(J24,I24)=0,"",IFERROR(J24/1000/I24,"")) | L24: 3.3 | M24: =IF(COUNT(H24,L24)=0,"",IFERROR(H24*L24,"")) -> 13.2 | N24: 3.24 | O24: 1.053 | P24: 6.27 | Q24: =IF(COUNT(O24,P24)=0,"",IFERROR(O24*1000/P24*1000,"")) -> 167942.58 | S24: =IF(COUNT(O24,P24)=0,"",IFERROR(O24*P24,"")) -> 6.60231 | T24: 79.3 | U24: =IF(COUNT(T24)=0,"",IFERROR(COS(T24/180*PI()),"")) -> 0.18566662 | V24: =IF(COUNT(S24,T24)=0,"",IFERROR(S24*COS(T24/360*2*3.14),"")) -> 1.2303802 | W24: =IF(COUNT(V24,M24)=0,"",IFERROR(1-V24/M24,"")) -> 0.90678938 | Z24: =IFERROR(IF(OR(V24="",X24="",X24=0),"",(V24-X24)/X24*100),"") | AA24: =IF(COUNT(AD24,AE24,AF24,AG24,AH24,AI24,AJ24,AK24,AL24,AC24)=0,"",IFERROR(SQRT(AD24^2+AE24^2+AF24^2+AG24^2+AH24^2+AI24^2+AJ24^2+AK24^2+AL24^2)/AC24,"")) | AP24: / | AQ24: / | AR24: current limit reached
A25: BLOCK 2 | B25: 9 | C25: SQUARE | D25: 3 | E25: 40 | G25: 100 | H25: 4 | K25: =IF(COUNT(J25,I25)=0,"",IFERROR(J25/1000/I25,"")) | M25: =IF(COUNT(H25,L25)=0,"",IFERROR(H25*L25,"")) -> 0 | Q25: =IF(COUNT(O25,P25)=0,"",IFERROR(O25*1000/P25*1000,"")) | S25: =IF(COUNT(O25,P25)=0,"",IFERROR(O25*P25,"")) | U25: =IF(COUNT(T25)=0,"",IFERROR(COS(T25/180*PI()),"")) | V25: =IF(COUNT(S25,T25)=0,"",IFERROR(S25*COS(T25/360*2*3.14),"")) | W25: =IF(COUNT(V25,M25)=0,"",IFERROR(1-V25/M25,"")) | Z25: =IFERROR(IF(OR(V25="",X25="",X25=0),"",(V25-X25)/X25*100),"") | AA25: =IF(COUNT(AD25,AE25,AF25,AG25,AH25,AI25,AJ25,AK25,AL25,AC25)=0,"",IFERROR(SQRT(AD25^2+AE25^2+AF25^2+AG25^2+AH25^2+AI25^2+AJ25^2+AK25^2+AL25^2)/AC25,"")) | AP25: / | AQ25: / | AR25: /
A26: BLOCK 2 | B26: 10 | C26: SQUARE | D26: 3 | E26: 50 | G26: 100 | H26: 4 | K26: =IF(COUNT(J26,I26)=0,"",IFERROR(J26/1000/I26,"")) | M26: =IF(COUNT(H26,L26)=0,"",IFERROR(H26*L26,"")) -> 0 | Q26: =IF(COUNT(O26,P26)=0,"",IFERROR(O26*1000/P26*1000,"")) | S26: =IF(COUNT(O26,P26)=0,"",IFERROR(O26*P26,"")) | U26: =IF(COUNT(T26)=0,"",IFERROR(COS(T26/180*PI()),"")) | V26: =IF(COUNT(S26,T26)=0,"",IFERROR(S26*COS(T26/360*2*3.14),"")) | W26: =IF(COUNT(V26,M26)=0,"",IFERROR(1-V26/M26,"")) | Z26: =IFERROR(IF(OR(V26="",X26="",X26=0),"",(V26-X26)/X26*100),"") | AA26: =IF(COUNT(AD26,AE26,AF26,AG26,AH26,AI26,AJ26,AK26,AL26,AC26)=0,"",IFERROR(SQRT(AD26^2+AE26^2+AF26^2+AG26^2+AH26^2+AI26^2+AJ26^2+AK26^2+AL26^2)/AC26,"")) | AP26: / | AQ26: / | AR26: /
A27: BLOCK 2 | B27: 11 | C27: SQUARE | D27: 3 | E27: 60 | G27: 100 | H27: 4 | K27: =IF(COUNT(J27,I27)=0,"",IFERROR(J27/1000/I27,"")) | M27: =IF(COUNT(H27,L27)=0,"",IFERROR(H27*L27,"")) -> 0 | Q27: =IF(COUNT(O27,P27)=0,"",IFERROR(O27*1000/P27*1000,"")) | S27: =IF(COUNT(O27,P27)=0,"",IFERROR(O27*P27,"")) | U27: =IF(COUNT(T27)=0,"",IFERROR(COS(T27/180*PI()),"")) | V27: =IF(COUNT(S27,T27)=0,"",IFERROR(S27*COS(T27/360*2*3.14),"")) | W27: =IF(COUNT(V27,M27)=0,"",IFERROR(1-V27/M27,"")) | Z27: =IFERROR(IF(OR(V27="",X27="",X27=0),"",(V27-X27)/X27*100),"") | AA27: =IF(COUNT(AD27,AE27,AF27,AG27,AH27,AI27,AJ27,AK27,AL27,AC27)=0,"",IFERROR(SQRT(AD27^2+AE27^2+AF27^2+AG27^2+AH27^2+AI27^2+AJ27^2+AK27^2+AL27^2)/AC27,"")) | AP27: / | AQ27: / | AR27: /
A28: [SECONDARY] BLOCK 3 — DBD · Freq-sweep 5→60 kHz · 2 V · DC 100% · SQUARE · 1 turn/branch — 5 kHz step missing; negative real power (current-probe ratio uncertain in this configuration)
A29: BLOCK 3 | B29: 1 | C29: SQUARE | D29: 1 | E29: 5 | G29: 100 | H29: 2 | I29: 2 | K29: =IF(COUNT(J29,I29)=0,"",IFERROR(J29/1000/I29,"")) -> 0 | M29: =IF(COUNT(H29,L29)=0,"",IFERROR(H29*L29,"")) -> 0 | Q29: =IF(COUNT(O29,P29)=0,"",IFERROR(O29*1000/P29*1000,"")) | S29: =IF(COUNT(O29,P29)=0,"",IFERROR(O29*P29,"")) | U29: =IF(COUNT(T29)=0,"",IFERROR(COS(T29/180*PI()),"")) | V29: =IF(COUNT(S29,T29)=0,"",IFERROR(S29*COS(T29/360*2*3.14),"")) | W29: =IF(COUNT(V29,M29)=0,"",IFERROR(1-V29/M29,"")) | Z29: =IFERROR(IF(OR(V29="",X29="",X29=0),"",(V29-X29)/X29*100),"") | AA29: =IF(COUNT(AD29,AE29,AF29,AG29,AH29,AI29,AJ29,AK29,AL29,AC29)=0,"",IFERROR(SQRT(AD29^2+AE29^2+AF29^2+AG29^2+AH29^2+AI29^2+AJ29^2+AK29^2+AL29^2)/AC29,""))
A30: BLOCK 3 | B30: 2 | C30: SQUARE | D30: 1 | E30: 6 | G30: 100 | H30: 2 | I30: 2 | J30: 398.8 | K30: =IF(COUNT(J30,I30)=0,"",IFERROR(J30/1000/I30,"")) -> 0.1994 | L30: 0.54 | M30: =IF(COUNT(H30,L30)=0,"",IFERROR(H30*L30,"")) -> 1.08 | N30: 1.78 | O30: 0.637 | P30: 3.75 | Q30: =IF(COUNT(O30,P30)=0,"",IFERROR(O30*1000/P30*1000,"")) -> 169866.67 | S30: =IF(COUNT(O30,P30)=0,"",IFERROR(O30*P30,"")) -> 2.38875 | T30: 75.9 | U30: =IF(COUNT(T30)=0,"",IFERROR(COS(T30/180*PI()),"")) -> 0.24361501 | V30: =IF(COUNT(S30,T30)=0,"",IFERROR(S30*COS(T30/360*2*3.14),"")) -> 0.58349111 | W30: =IF(COUNT(V30,M30)=0,"",IFERROR(1-V30/M30,"")) -> 0.45973046 | Z30: =IFERROR(IF(OR(V30="",X30="",X30=0),"",(V30-X30)/X30*100),"") | AA30: =IF(COUNT(AD30,AE30,AF30,AG30,AH30,AI30,AJ30,AK30,AL30,AC30)=0,"",IFERROR(SQRT(AD30^2+AE30^2+AF30^2+AG30^2+AH30^2+AI30^2+AJ30^2+AK30^2+AL30^2)/AC30,"")) -> 0.14536975 | AB30: sine | AC30: 642 | AD30: 90 | AE30: 23 | AF30: 9 | AM30: 28 | AN30: stable | AO30: 0
A31: BLOCK 3 | B31: 3 | C31: SQUARE | D31: 1 | E31: 6.5 | G31: 100 | H31: 2 | I31: 2 | J31: 398 | K31: =IF(COUNT(J31,I31)=0,"",IFERROR(J31/1000/I31,"")) -> 0.199 | L31: 0.5 | M31: =IF(COUNT(H31,L31)=0,"",IFERROR(H31*L31,"")) -> 1 | N31: 3.43 | O31: 1.25 | P31: 11.07 | Q31: =IF(COUNT(O31,P31)=0,"",IFERROR(O31*1000/P31*1000,"")) -> 112917.8 | S31: =IF(COUNT(O31,P31)=0,"",IFERROR(O31*P31,"")) -> 13.8375 | T31: 69 | U31: =IF(COUNT(T31)=0,"",IFERROR(COS(T31/180*PI()),"")) -> 0.35836795 | V31: =IF(COUNT(S31,T31)=0,"",IFERROR(S31*COS(T31/360*2*3.14),"")) -> 4.9668025 | W31: =IF(COUNT(V31,M31)=0,"",IFERROR(1-V31/M31,"")) -> -3.9668025 | Z31: =IFERROR(IF(OR(V31="",X31="",X31=0),"",(V31-X31)/X31*100),"") | AA31: =IF(COUNT(AD31,AE31,AF31,AG31,AH31,AI31,AJ31,AK31,AL31,AC31)=0,"",IFERROR(SQRT(AD31^2+AE31^2+AF31^2+AG31^2+AH31^2+AI31^2+AJ31^2+AK31^2+AL31^2)/AC31,"")) -> 0.074604727 | AB31: sine | AC31: 1216 | AD31: 85 | AE31: 29 | AF31: 10 | AG31: 8 | AM31: 27 | AN31: stable | AO31: 0
A32: BLOCK 3 | B32: 4 | C32: SQUARE | D32: 1 | E32: 7 | G32: 100 | H32: 2 | I32: 2 | J32: 398 | K32: =IF(COUNT(J32,I32)=0,"",IFERROR(J32/1000/I32,"")) -> 0.199 | L32: 0.52 | M32: =IF(COUNT(H32,L32)=0,"",IFERROR(H32*L32,"")) -> 1.04 | N32: 3.24 | O32: 1.16 | P32: 11.77 | Q32: =IF(COUNT(O32,P32)=0,"",IFERROR(O32*1000/P32*1000,"")) -> 98555.65 | S32: =IF(COUNT(O32,P32)=0,"",IFERROR(O32*P32,"")) -> 13.6532 | T32: 61.4 | U32: =IF(COUNT(T32)=0,"",IFERROR(COS(T32/180*PI()),"")) -> 0.47869186 | V32: =IF(COUNT(S32,T32)=0,"",IFERROR(S32*COS(T32/360*2*3.14),"")) -> 6.5421871 | W32: =IF(COUNT(V32,M32)=0,"",IFERROR(1-V32/M32,"")) -> -5.2905645 | Z32: =IFERROR(IF(OR(V32="",X32="",X32=0),"",(V32-X32)/X32*100),"") | AA32: =IF(COUNT(AD32,AE32,AF32,AG32,AH32,AI32,AJ32,AK32,AL32,AC32)=0,"",IFERROR(SQRT(AD32^2+AE32^2+AF32^2+AG32^2+AH32^2+AI32^2+AJ32^2+AK32^2+AL32^2)/AC32,"")) -> 0.076637686 | AB32: sine | AC32: 1151 | AD32: 84 | AE32: 25 | AF32: 8 | AG32: 6 | AM32: 27 | AN32: stable | AO32: 0
A33: BLOCK 3 | B33: 5 | C33: SQUARE | D33: 1 | E33: 7.5 | G33: 100 | H33: 2 | I33: 2 | J33: 398 | K33: =IF(COUNT(J33,I33)=0,"",IFERROR(J33/1000/I33,"")) -> 0.199 | L33: 0.54 | M33: =IF(COUNT(H33,L33)=0,"",IFERROR(H33*L33,"")) -> 1.08 | N33: 2.39 | O33: 0.83 | P33: 10.22 | Q33: =IF(COUNT(O33,P33)=0,"",IFERROR(O33*1000/P33*1000,"")) -> 81213.307 | S33: =IF(COUNT(O33,P33)=0,"",IFERROR(O33*P33,"")) -> 8.4826 | T33: 60.7 | U33: =IF(COUNT(T33)=0,"",IFERROR(COS(T33/180*PI()),"")) -> 0.48938245 | V33: =IF(COUNT(S33,T33)=0,"",IFERROR(S33*COS(T33/360*2*3.14),"")) -> 4.155208 | W33: =IF(COUNT(V33,M33)=0,"",IFERROR(1-V33/M33,"")) -> -2.8474148 | Z33: =IFERROR(IF(OR(V33="",X33="",X33=0),"",(V33-X33)/X33*100),"") | AA33: =IF(COUNT(AD33,AE33,AF33,AG33,AH33,AI33,AJ33,AK33,AL33,AC33)=0,"",IFERROR(SQRT(AD33^2+AE33^2+AF33^2+AG33^2+AH33^2+AI33^2+AJ33^2+AK33^2+AL33^2)/AC33,"")) -> 0.099392779 | AB33: sine | AC33: 831 | AD33: 81 | AE33: 15 | AF33: 6 | AM33: 28 | AN33: stable | AO33: 0
A34: BLOCK 3 | B34: 6 | C34: SQUARE | D34: 1 | E34: 8 | G34: 100 | H34: 2 | I34: 2 | J34: 398 | K34: =IF(COUNT(J34,I34)=0,"",IFERROR(J34/1000/I34,"")) -> 0.199 | L34: 0.54 | M34: =IF(COUNT(H34,L34)=0,"",IFERROR(H34*L34,"")) -> 1.08 | N34: 1.69 | O34: 0.583 | P34: 8.78 | Q34: =IF(COUNT(O34,P34)=0,"",IFERROR(O34*1000/P34*1000,"")) -> 66400.911 | S34: =IF(COUNT(O34,P34)=0,"",IFERROR(O34*P34,"")) -> 5.11874 | T34: 63.8 | U34: =IF(COUNT(T34)=0,"",IFERROR(COS(T34/180*PI()),"")) -> 0.44150585 | V34: =IF(COUNT(S34,T34)=0,"",IFERROR(S34*COS(T34/360*2*3.14),"")) -> 2.262546 | W34: =IF(COUNT(V34,M34)=0,"",IFERROR(1-V34/M34,"")) -> -1.09495 | Z34: =IFERROR(IF(OR(V34="",X34="",X34=0),"",(V34-X34)/X34*100),"") | AA34: =IF(COUNT(AD34,AE34,AF34,AG34,AH34,AI34,AJ34,AK34,AL34,AC34)=0,"",IFERROR(SQRT(AD34^2+AE34^2+AF34^2+AG34^2+AH34^2+AI34^2+AJ34^2+AK34^2+AL34^2)/AC34,"")) -> 0.14801444 | AB34: sine | AC34: 554 | AD34: 80 | AE34: 18 | AM34: 28 | AN34: stable | AO34: 0
A35: BLOCK 3 | B35: 7 | C35: SQUARE | D35: 1 | E35: 9 | G35: 100 | H35: 2 | I35: 2 | J35: 398 | K35: =IF(COUNT(J35,I35)=0,"",IFERROR(J35/1000/I35,"")) -> 0.199 | L35: 0.54 | M35: =IF(COUNT(H35,L35)=0,"",IFERROR(H35*L35,"")) -> 1.08 | N35: 1.15 | O35: 0.346 | P35: 7.14 | Q35: =IF(COUNT(O35,P35)=0,"",IFERROR(O35*1000/P35*1000,"")) -> 48459.384 | S35: =IF(COUNT(O35,P35)=0,"",IFERROR(O35*P35,"")) -> 2.47044 | T35: 72 | U35: =IF(COUNT(T35)=0,"",IFERROR(COS(T35/180*PI()),"")) -> 0.30901699 | V35: =IF(COUNT(S35,T35)=0,"",IFERROR(S35*COS(T35/360*2*3.14),"")) -> 0.76490458 | W35: =IF(COUNT(V35,M35)=0,"",IFERROR(1-V35/M35,"")) -> 0.29175502 | Z35: =IFERROR(IF(OR(V35="",X35="",X35=0),"",(V35-X35)/X35*100),"") | AA35: =IF(COUNT(AD35,AE35,AF35,AG35,AH35,AI35,AJ35,AK35,AL35,AC35)=0,"",IFERROR(SQRT(AD35^2+AE35^2+AF35^2+AG35^2+AH35^2+AI35^2+AJ35^2+AK35^2+AL35^2)/AC35,"")) -> 0.21980252 | AB35: sine | AC35: 340 | AD35: 73 | AE35: 16 | AM35: 28 | AN35: stable | AO35: 0
A36: BLOCK 3 | B36: 8 | C36: SQUARE | D36: 1 | E36: 10 | G36: 100 | H36: 2 | I36: 2 | J36: 398 | K36: =IF(COUNT(J36,I36)=0,"",IFERROR(J36/1000/I36,"")) -> 0.199 | L36: 0.54 | M36: =IF(COUNT(H36,L36)=0,"",IFERROR(H36*L36,"")) -> 1.08 | N36: 0.766 | O36: 0.28 | P36: 6.61 | Q36: =IF(COUNT(O36,P36)=0,"",IFERROR(O36*1000/P36*1000,"")) -> 42360.061 | S36: =IF(COUNT(O36,P36)=0,"",IFERROR(O36*P36,"")) -> 1.8508 | T36: 82.1 | U36: =IF(COUNT(T36)=0,"",IFERROR(COS(T36/180*PI()),"")) -> 0.13744455 | V36: =IF(COUNT(S36,T36)=0,"",IFERROR(S36*COS(T36/360*2*3.14),"")) -> 0.25571401 | W36: =IF(COUNT(V36,M36)=0,"",IFERROR(1-V36/M36,"")) -> 0.76322777 | Z36: =IFERROR(IF(OR(V36="",X36="",X36=0),"",(V36-X36)/X36*100),"") | AA36: =IF(COUNT(AD36,AE36,AF36,AG36,AH36,AI36,AJ36,AK36,AL36,AC36)=0,"",IFERROR(SQRT(AD36^2+AE36^2+AF36^2+AG36^2+AH36^2+AI36^2+AJ36^2+AK36^2+AL36^2)/AC36,"")) -> 0.11008204 | AB36: sine | AC36: 240 | AD36: 23 | AE36: 13 | AM36: 28 | AN36: stable | AO36: 0
A37: BLOCK 3 | B37: 9 | C37: SQUARE | D37: 1 | E37: 15 | G37: 100 | H37: 2 | I37: 2 | J37: 398 | K37: =IF(COUNT(J37,I37)=0,"",IFERROR(J37/1000/I37,"")) -> 0.199 | L37: 0.54 | M37: =IF(COUNT(H37,L37)=0,"",IFERROR(H37*L37,"")) -> 1.08 | N37: 0.345 | O37: 0.106 | P37: 5.91 | Q37: =IF(COUNT(O37,P37)=0,"",IFERROR(O37*1000/P37*1000,"")) -> 17935.702 | S37: =IF(COUNT(O37,P37)=0,"",IFERROR(O37*P37,"")) -> 0.62646 | T37: 134.7 | U37: =IF(COUNT(T37)=0,"",IFERROR(COS(T37/180*PI()),"")) -> -0.7033947 | V37: =IF(COUNT(S37,T37)=0,"",IFERROR(S37*COS(T37/360*2*3.14),"")) -> -0.44011762 | W37: =IF(COUNT(V37,M37)=0,"",IFERROR(1-V37/M37,"")) -> 1.4075163 | Z37: =IFERROR(IF(OR(V37="",X37="",X37=0),"",(V37-X37)/X37*100),"") | AA37: =IF(COUNT(AD37,AE37,AF37,AG37,AH37,AI37,AJ37,AK37,AL37,AC37)=0,"",IFERROR(SQRT(AD37^2+AE37^2+AF37^2+AG37^2+AH37^2+AI37^2+AJ37^2+AK37^2+AL37^2)/AC37,"")) -> 0.15811388 | AB37: sine | AC37: 100 | AD37: 13 | AE37: 9 | AM37: 28 | AN37: stable | AO37: 0
A38: BLOCK 3 | B38: 10 | C38: SQUARE | D38: 1 | E38: 30 | G38: 100 | H38: 2 | I38: 2 | J38: 398 | K38: =IF(COUNT(J38,I38)=0,"",IFERROR(J38/1000/I38,"")) -> 0.199 | L38: 0.51 | M38: =IF(COUNT(H38,L38)=0,"",IFERROR(H38*L38,"")) -> 1.02 | N38: 0.136 | O38: 0.041 | P38: 5.59 | Q38: =IF(COUNT(O38,P38)=0,"",IFERROR(O38*1000/P38*1000,"")) -> 7334.5259 | S38: =IF(COUNT(O38,P38)=0,"",IFERROR(O38*P38,"")) -> 0.22919 | T38: - | U38: =IF(COUNT(T38)=0,"",IFERROR(COS(T38/180*PI()),"")) | V38: =IF(COUNT(S38,T38)=0,"",IFERROR(S38*COS(T38/360*2*3.14),"")) | W38: =IF(COUNT(V38,M38)=0,"",IFERROR(1-V38/M38,"")) | Z38: =IFERROR(IF(OR(V38="",X38="",X38=0),"",(V38-X38)/X38*100),"") | AA38: =IF(COUNT(AD38,AE38,AF38,AG38,AH38,AI38,AJ38,AK38,AL38,AC38)=0,"",IFERROR(SQRT(AD38^2+AE38^2+AF38^2+AG38^2+AH38^2+AI38^2+AJ38^2+AK38^2+AL38^2)/AC38,"")) -> 0 | AB38: triangle | AC38: 41 | AM38: 28 | AN38: stable | AO38: 0
A39: BLOCK 3 | B39: 11 | C39: SQUARE | D39: 1 | E39: 45 | G39: 100 | H39: 2 | I39: 2 | J39: 398 | K39: =IF(COUNT(J39,I39)=0,"",IFERROR(J39/1000/I39,"")) -> 0.199 | L39: 0.48 | M39: =IF(COUNT(H39,L39)=0,"",IFERROR(H39*L39,"")) -> 0.96 | N39: 0.079 | O39: 0.025 | P39: 5.09 | Q39: =IF(COUNT(O39,P39)=0,"",IFERROR(O39*1000/P39*1000,"")) -> 4911.5914 | S39: =IF(COUNT(O39,P39)=0,"",IFERROR(O39*P39,"")) -> 0.12725 | T39: - | U39: =IF(COUNT(T39)=0,"",IFERROR(COS(T39/180*PI()),"")) | V39: =IF(COUNT(S39,T39)=0,"",IFERROR(S39*COS(T39/360*2*3.14),"")) | W39: =IF(COUNT(V39,M39)=0,"",IFERROR(1-V39/M39,"")) | Z39: =IFERROR(IF(OR(V39="",X39="",X39=0),"",(V39-X39)/X39*100),"") | AA39: =IF(COUNT(AD39,AE39,AF39,AG39,AH39,AI39,AJ39,AK39,AL39,AC39)=0,"",IFERROR(SQRT(AD39^2+AE39^2+AF39^2+AG39^2+AH39^2+AI39^2+AJ39^2+AK39^2+AL39^2)/AC39,"")) -> 0 | AB39: triangle | AC39: 25 | AM39: 28 | AN39: stable | AO39: 0
A40: BLOCK 3 | B40: 12 | C40: SQUARE | D40: 1 | E40: 60 | G40: 100 | H40: 2 | I40: 2 | J40: 398 | K40: =IF(COUNT(J40,I40)=0,"",IFERROR(J40/1000/I40,"")) -> 0.199 | L40: 0.42 | M40: =IF(COUNT(H40,L40)=0,"",IFERROR(H40*L40,"")) -> 0.84 | N40: 0.062 | O40: 0.018 | P40: 4.77 | Q40: =IF(COUNT(O40,P40)=0,"",IFERROR(O40*1000/P40*1000,"")) -> 3773.5849 | S40: =IF(COUNT(O40,P40)=0,"",IFERROR(O40*P40,"")) -> 0.08586 | T40: - | U40: =IF(COUNT(T40)=0,"",IFERROR(COS(T40/180*PI()),"")) | V40: =IF(COUNT(S40,T40)=0,"",IFERROR(S40*COS(T40/360*2*3.14),"")) | W40: =IF(COUNT(V40,M40)=0,"",IFERROR(1-V40/M40,"")) | Z40: =IFERROR(IF(OR(V40="",X40="",X40=0),"",(V40-X40)/X40*100),"") | AA40: =IF(COUNT(AD40,AE40,AF40,AG40,AH40,AI40,AJ40,AK40,AL40,AC40)=0,"",IFERROR(SQRT(AD40^2+AE40^2+AF40^2+AG40^2+AH40^2+AI40^2+AJ40^2+AK40^2+AL40^2)/AC40,"")) -> 0 | AB40: triangle | AC40: 17 | AM40: 28 | AN40: stable | AO40: 0

Sheet Exp 2.3 - DBD_DutyCycle_sweep
A1: Exp 2.3 - DBD DutyCycle sweep
A2: CONDITIONS | I2: PRIMARY | N2: HV SECONDARY | R2: POWER | AA2: SIGNAL QUALITY | AM2: PHYSICAL STATE | AQ2: TRACEABILITY
A3: Block | B3: Step | C3: Mode | D3: Turns/branch | E3: Frequency (kHz) | F3: Burst Frequency (kHz) | G3: DutyCycle (%) | H3: V_Buck setpoint (V) | I3: V_Buck_Average (V) | J3: V_Buck_Ripple (mV) | K3: Relative_Ripple (%) | L3: I_primary (A) | M3: P_input (W) | N3: V_secondary_pp (kV) | O3: V_secondary_RMS (kV) | P3: I_sec_RMS (mA) | Q3: Load_Impedance (Ohm) | R3: VxI_RMS (W) | S3: Apparent Power (VA) | T3: Phase Angle° | U3: Power factor | V3: Real Power(W) | W3: Loss fraction (1-η) | X3: Real Power_scope (W) | Y3: Power Factor_scope | Z3: cos(φ) vs scope deviation (%) | AA3: THD (%) | AB3: Waveform | AC3: V1 (Vrms) | AD3: V2 | AE3: V3 | AF3: V4 | AG3: V5 | AH3: V6 | AI3: V7 | AJ3: V8 | AK3: V9 | AL3: V10 | AM3: T_MOSFET (°C) | AN3: Stability | AO3: Plasma state | AP3: Ignition threshold? | AQ3: Photo | AR3: Observations
A4: BLOCK 1 — DBD · DutyCycle-sweep 100→5% · 5 kHz · 2 V · SQUARE (11 steps)
A5: BLOCK 1 | B5: 1 | C5: SQUARE | D5: 3 | E5: 5 | G5: 100 | H5: 2 | I5: 1.997 | J5: 139 | K5: =IF(COUNT(J5,I5)=0,"",IFERROR(J5/1000/I5,"")) -> 0.069604407 | L5: 0.16 | M5: =IF(COUNT(H5,L5)=0,"",IFERROR(H5*L5,"")) -> 0.32 | N5: 3.55 | O5: 1.24 | P5: 0.507 | Q5: =IF(COUNT(O5,P5)=0,"",IFERROR(O5*1000/P5*1000,"")) -> 2445759.4 | R5: 0.56 | S5: =IF(COUNT(O5,P5)=0,"",IFERROR(O5*P5,"")) -> 0.62868 | T5: 66.9 | U5: =IF(COUNT(T5)=0,"",IFERROR(COS(T5/180*PI()),"")) -> 0.39233712 | V5: =IF(COUNT(S5,T5)=0,"",IFERROR(S5*COS(T5/360*2*3.14),"")) -> 0.24699676 | W5: =IF(COUNT(V5,M5)=0,"",IFERROR(1-V5/M5,"")) -> 0.22813514 | Z5: =IFERROR(IF(OR(V5="",X5="",X5=0),"",(V5-X5)/X5*100),"") | AA5: =IF(COUNT(AD5,AE5,AF5,AG5,AH5,AI5,AJ5,AK5,AL5,AC5)=0,"",IFERROR(SQRT(AD5^2+AE5^2+AF5^2+AG5^2+AH5^2+AI5^2+AJ5^2+AK5^2+AL5^2)/AC5,"")) -> 0.13453636 | AB5: sine | AC5: 1202 | AD5: 115 | AE5: 111 | AF5: 16 | AG5: 13 | AH5: 12 | AI5: 6 | AM5: 25 | AN5: stable | AO5: 0
A6: BLOCK 1 | B6: 2 | C6: SQUARE | D6: 3 | E6: 5 | G6: 90 | H6: 2 | I6: 1.9975 | J6: 119 | K6: =IF(COUNT(J6,I6)=0,"",IFERROR(J6/1000/I6,"")) -> 0.059574468 | L6: 0.14 | M6: =IF(COUNT(H6,L6)=0,"",IFERROR(H6*L6,"")) -> 0.28 | N6: 3.43 | O6: 1.23 | P6: 0.475 | Q6: =IF(COUNT(O6,P6)=0,"",IFERROR(O6*1000/P6*1000,"")) -> 2589473.7 | R6: 0.501 | S6: =IF(COUNT(O6,P6)=0,"",IFERROR(O6*P6,"")) -> 0.58425 | T6: 65.9 | U6: =IF(COUNT(T6)=0,"",IFERROR(COS(T6/180*PI()),"")) -> 0.40833046 | V6: =IF(COUNT(S6,T6)=0,"",IFERROR(S6*COS(T6/360*2*3.14),"")) -> 0.23887801 | W6: =IF(COUNT(V6,M6)=0,"",IFERROR(1-V6/M6,"")) -> 0.14686427 | Z6: =IFERROR(IF(OR(V6="",X6="",X6=0),"",(V6-X6)/X6*100),"") | AA6: =IF(COUNT(AD6,AE6,AF6,AG6,AH6,AI6,AJ6,AK6,AL6,AC6)=0,"",IFERROR(SQRT(AD6^2+AE6^2+AF6^2+AG6^2+AH6^2+AI6^2+AJ6^2+AK6^2+AL6^2)/AC6,"")) -> 0.13443711 | AB6: sine | AC6: 1194 | AD6: 114 | AE6: 112 | AF6: 9 | AG6: 9 | AH6: 8 | AM6: 25 | AN6: stable | AO6: 0
A7: BLOCK 1 | B7: 3 | C7: SQUARE | D7: 3 | E7: 5 | G7: 80 | H7: 2 | I7: 1.998 | J7: 91 | K7: =IF(COUNT(J7,I7)=0,"",IFERROR(J7/1000/I7,"")) -> 0.045545546 | L7: 0.12 | M7: =IF(COUNT(H7,L7)=0,"",IFERROR(H7*L7,"")) -> 0.24 | N7: 3.43 | O7: 1.22 | P7: 0.43 | Q7: =IF(COUNT(O7,P7)=0,"",IFERROR(O7*1000/P7*1000,"")) -> 2837209.3 | R7: 0.476 | S7: =IF(COUNT(O7,P7)=0,"",IFERROR(O7*P7,"")) -> 0.5246 | T7: 64.4 | U7: =IF(COUNT(T7)=0,"",IFERROR(COS(T7/180*PI()),"")) -> 0.43208575 | V7: =IF(COUNT(S7,T7)=0,"",IFERROR(S7*COS(T7/360*2*3.14),"")) -> 0.22694173 | W7: =IF(COUNT(V7,M7)=0,"",IFERROR(1-V7/M7,"")) -> 0.054409468 | Z7: =IFERROR(IF(OR(V7="",X7="",X7=0),"",(V7-X7)/X7*100),"") | AA7: =IF(COUNT(AD7,AE7,AF7,AG7,AH7,AI7,AJ7,AK7,AL7,AC7)=0,"",IFERROR(SQRT(AD7^2+AE7^2+AF7^2+AG7^2+AH7^2+AI7^2+AJ7^2+AK7^2+AL7^2)/AC7,"")) -> 0.12130196 | AB7: sine | AC7: 1185 | AD7: 113 | AE7: 88 | AF7: 8 | AG7: 7 | AH7: 6 | AM7: 25 | AN7: stable | AO7: 0
A8: BLOCK 1 | B8: 4 | C8: SQUARE | D8: 3 | E8: 5 | G8: 70 | H8: 2 | I8: 1.9976 | J8: 79 | K8: =IF(COUNT(J8,I8)=0,"",IFERROR(J8/1000/I8,"")) -> 0.039547457 | L8: 0.12 | M8: =IF(COUNT(H8,L8)=0,"",IFERROR(H8*L8,"")) -> 0.24 | N8: 3.36 | O8: 1.201 | P8: 0.395 | Q8: =IF(COUNT(O8,P8)=0,"",IFERROR(O8*1000/P8*1000,"")) -> 3040506.3 | R8: 0.433 | S8: =IF(COUNT(O8,P8)=0,"",IFERROR(O8*P8,"")) -> 0.474395 | T8: 62.9 | U8: =IF(COUNT(T8)=0,"",IFERROR(COS(T8/180*PI()),"")) -> 0.45554491 | V8: =IF(COUNT(S8,T8)=0,"",IFERROR(S8*COS(T8/360*2*3.14),"")) -> 0.21634323 | W8: =IF(COUNT(V8,M8)=0,"",IFERROR(1-V8/M8,"")) -> 0.098569882 | Z8: =IFERROR(IF(OR(V8="",X8="",X8=0),"",(V8-X8)/X8*100),"") | AA8: =IF(COUNT(AD8,AE8,AF8,AG8,AH8,AI8,AJ8,AK8,AL8,AC8)=0,"",IFERROR(SQRT(AD8^2+AE8^2+AF8^2+AG8^2+AH8^2+AI8^2+AJ8^2+AK8^2+AL8^2)/AC8,"")) -> 0.10989947 | AB8: sine | AC8: 1172 | AD8: 112 | AE8: 60 | AF8: 19 | AG8: 7 | AH8: 6 | AM8: 24 | AN8: stable | AO8: 0
A9: BLOCK 1 | B9: 5 | C9: SQUARE | D9: 3 | E9: 5 | G9: 60 | H9: 2 | I9: 1.9981 | J9: 63 | K9: =IF(COUNT(J9,I9)=0,"",IFERROR(J9/1000/I9,"")) -> 0.031529953 | L9: 0.11 | M9: =IF(COUNT(H9,L9)=0,"",IFERROR(H9*L9,"")) -> 0.22 | N9: 3.28 | O9: 1.184 | P9: 0.364 | Q9: =IF(COUNT(O9,P9)=0,"",IFERROR(O9*1000/P9*1000,"")) -> 3252747.3 | R9: 0.373 | S9: =IF(COUNT(O9,P9)=0,"",IFERROR(O9*P9,"")) -> 0.430976 | T9: 61.2 | U9: =IF(COUNT(T9)=0,"",IFERROR(COS(T9/180*PI()),"")) -> 0.48175367 | V9: =IF(COUNT(S9,T9)=0,"",IFERROR(S9*COS(T9/360*2*3.14),"")) -> 0.20782875 | W9: =IF(COUNT(V9,M9)=0,"",IFERROR(1-V9/M9,"")) -> 0.05532387 | Z9: =IFERROR(IF(OR(V9="",X9="",X9=0),"",(V9-X9)/X9*100),"") | AA9: =IF(COUNT(AD9,AE9,AF9,AG9,AH9,AI9,AJ9,AK9,AL9,AC9)=0,"",IFERROR(SQRT(AD9^2+AE9^2+AF9^2+AG9^2+AH9^2+AI9^2+AJ9^2+AK9^2+AL9^2)/AC9,"")) -> 0.10503515 | AB9: sine | AC9: 1154 | AD9: 112 | AE9: 40 | AF9: 22 | AG9: 8 | AM9: 24 | AN9: stable | AO9: 0
A10: BLOCK 1 | B10: 6 | C10: SQUARE | D10: 3 | E10: 5 | G10: 50 | H10: 2 | I10: 1.9982 | J10: 63 | K10: =IF(COUNT(J10,I10)=0,"",IFERROR(J10/1000/I10,"")) -> 0.031528376 | L10: 0.1 | M10: =IF(COUNT(H10,L10)=0,"",IFERROR(H10*L10,"")) -> 0.2 | N10: 3.2 | O10: 1.165 | P10: 0.341 | Q10: =IF(COUNT(O10,P10)=0,"",IFERROR(O10*1000/P10*1000,"")) -> 3416422.3 | R10: 0.32 | S10: =IF(COUNT(O10,P10)=0,"",IFERROR(O10*P10,"")) -> 0.397265 | T10: 59.5 | U10: =IF(COUNT(T10)=0,"",IFERROR(COS(T10/180*PI()),"")) -> 0.50753836 | V10: =IF(COUNT(S10,T10)=0,"",IFERROR(S10*COS(T10/360*2*3.14),"")) -> 0.2018074 | W10: =IF(COUNT(V10,M10)=0,"",IFERROR(1-V10/M10,"")) -> -0.0090370233 | Z10: =IFERROR(IF(OR(V10="",X10="",X10=0),"",(V10-X10)/X10*100),"") | AA10: =IF(COUNT(AD10,AE10,AF10,AG10,AH10,AI10,AJ10,AK10,AL10,AC10)=0,"",IFERROR(SQRT(AD10^2+AE10^2+AF10^2+AG10^2+AH10^2+AI10^2+AJ10^2+AK10^2+AL10^2)/AC10,"")) -> 0.10599798 | AB10: sine | AC10: 1137 | AD10: 111 | AE10: 43 | AF10: 15 | AG10: 9 | AH10: 7 | AM10: 24 | AN10: stable | AO10: 0
A11: BLOCK 1 | B11: 7 | C11: SQUARE | D11: 3 | E11: 5 | G11: 40 | H11: 2 | I11: 1.998 | J11: 56 | K11: =IF(COUNT(J11,I11)=0,"",IFERROR(J11/1000/I11,"")) -> 0.028028028 | L11: 0.09 | M11: =IF(COUNT(H11,L11)=0,"",IFERROR(H11*L11,"")) -> 0.18 | N11: 3.09 | O11: 1.136 | P11: 0.329 | Q11: =IF(COUNT(O11,P11)=0,"",IFERROR(O11*1000/P11*1000,"")) -> 3452887.5 | R11: 0.286 | S11: =IF(COUNT(O11,P11)=0,"",IFERROR(O11*P11,"")) -> 0.373744 | T11: 59 | U11: =IF(COUNT(T11)=0,"",IFERROR(COS(T11/180*PI()),"")) -> 0.51503807 | V11: =IF(COUNT(S11,T11)=0,"",IFERROR(S11*COS(T11/360*2*3.14),"")) -> 0.1926596 | W11: =IF(COUNT(V11,M11)=0,"",IFERROR(1-V11/M11,"")) -> -0.070331135 | Z11: =IFERROR(IF(OR(V11="",X11="",X11=0),"",(V11-X11)/X11*100),"") | AA11: =IF(COUNT(AD11,AE11,AF11,AG11,AH11,AI11,AJ11,AK11,AL11,AC11)=0,"",IFERROR(SQRT(AD11^2+AE11^2+AF11^2+AG11^2+AH11^2+AI11^2+AJ11^2+AK11^2+AL11^2)/AC11,"")) -> 0.11198863 | AB11: sine | AC11: 1108 | AD11: 110 | AE11: 56 | AF11: 11 | AG11: 6.3 | AM11: 24 | AN11: stable | AO11: 0
A12: BLOCK 1 | B12: 8 | C12: SQUARE | D12: 3 | E12: 5 | G12: 30 | H12: 2 | I12: 1.9984 | J12: 71 | K12: =IF(COUNT(J12,I12)=0,"",IFERROR(J12/1000/I12,"")) -> 0.035528423 | L12: 0.09 | M12: =IF(COUNT(H12,L12)=0,"",IFERROR(H12*L12,"")) -> 0.18 | N12: 2.94 | O12: 1.089 | P12: 0.321 | Q12: =IF(COUNT(O12,P12)=0,"",IFERROR(O12*1000/P12*1000,"")) -> 3392523.4 | R12: 0.267 | S12: =IF(COUNT(O12,P12)=0,"",IFERROR(O12*P12,"")) -> 0.349569 | T12: 59.7 | U12: =IF(COUNT(T12)=0,"",IFERROR(COS(T12/180*PI()),"")) -> 0.50452762 | V12: =IF(COUNT(S12,T12)=0,"",IFERROR(S12*COS(T12/360*2*3.14),"")) -> 0.17652662 | W12: =IF(COUNT(V12,M12)=0,"",IFERROR(1-V12/M12,"")) -> 0.019296551 | Z12: =IFERROR(IF(OR(V12="",X12="",X12=0),"",(V12-X12)/X12*100),"") | AA12: =IF(COUNT(AD12,AE12,AF12,AG12,AH12,AI12,AJ12,AK12,AL12,AC12)=0,"",IFERROR(SQRT(AD12^2+AE12^2+AF12^2+AG12^2+AH12^2+AI12^2+AJ12^2+AK12^2+AL12^2)/AC12,"")) -> 0.11957338 | AB12: sine | AC12: 1060 | AD12: 110 | AE12: 61 | AF12: 12 | AG12: 10 | AM12: 24 | AN12: stable | AO12: 0
A13: BLOCK 1 | B13: 9 | C13: SQUARE | D13: 3 | E13: 5 | G13: 20 | H13: 2 | I13: 1.9983 | J13: 87 | K13: =IF(COUNT(J13,I13)=0,"",IFERROR(J13/1000/I13,"")) -> 0.043537006 | L13: 0.09 | M13: =IF(COUNT(H13,L13)=0,"",IFERROR(H13*L13,"")) -> 0.18 | N13: 2.585 | O13: 0.934 | P13: 0.291 | Q13: =IF(COUNT(O13,P13)=0,"",IFERROR(O13*1000/P13*1000,"")) -> 3209622 | R13: 0.216 | S13: =IF(COUNT(O13,P13)=0,"",IFERROR(O13*P13,"")) -> 0.271794 | T13: 62.56 | U13: =IF(COUNT(T13)=0,"",IFERROR(COS(T13/180*PI()),"")) -> 0.46081948 | V13: =IF(COUNT(S13,T13)=0,"",IFERROR(S13*COS(T13/360*2*3.14),"")) -> 0.12538147 | W13: =IF(COUNT(V13,M13)=0,"",IFERROR(1-V13/M13,"")) -> 0.30343626 | Z13: =IFERROR(IF(OR(V13="",X13="",X13=0),"",(V13-X13)/X13*100),"") | AA13: =IF(COUNT(AD13,AE13,AF13,AG13,AH13,AI13,AJ13,AK13,AL13,AC13)=0,"",IFERROR(SQRT(AD13^2+AE13^2+AF13^2+AG13^2+AH13^2+AI13^2+AJ13^2+AK13^2+AL13^2)/AC13,"")) -> 0.13871811 | AB13: sine | AC13: 907 | AD13: 110 | AE13: 56 | AF13: 19 | AG13: 13 | AH13: 8 | AM13: 24 | AN13: stable | AO13: 0
A14: BLOCK 1 | B14: 10 | C14: SQUARE | D14: 3 | E14: 5 | G14: 10 | H14: 2 | I14: 1.9993 | J14: 91 | K14: =IF(COUNT(J14,I14)=0,"",IFERROR(J14/1000/I14,"")) -> 0.045515931 | L14: 0.08 | M14: =IF(COUNT(H14,L14)=0,"",IFERROR(H14*L14,"")) -> 0.16 | N14: 0.837 | O14: 0.278 | P14: 0.174 | Q14: =IF(COUNT(O14,P14)=0,"",IFERROR(O14*1000/P14*1000,"")) -> 1597701.1 | R14: 0.032 | S14: =IF(COUNT(O14,P14)=0,"",IFERROR(O14*P14,"")) -> 0.048372 | T14: 79.4 | U14: =IF(COUNT(T14)=0,"",IFERROR(COS(T14/180*PI()),"")) -> 0.18395135 | V14: =IF(COUNT(S14,T14)=0,"",IFERROR(S14*COS(T14/360*2*3.14),"")) -> 0.0089314958 | W14: =IF(COUNT(V14,M14)=0,"",IFERROR(1-V14/M14,"")) -> 0.94417815 | Z14: =IFERROR(IF(OR(V14="",X14="",X14=0),"",(V14-X14)/X14*100),"") | AA14: =IF(COUNT(AD14,AE14,AF14,AG14,AH14,AI14,AJ14,AK14,AL14,AC14)=0,"",IFERROR(SQRT(AD14^2+AE14^2+AF14^2+AG14^2+AH14^2+AI14^2+AJ14^2+AK14^2+AL14^2)/AC14,"")) -> 0.16292087 | AB14: distorted sine | AC14: 270 | AD14: 30 | AE14: 25 | AF14: 15 | AG14: 10 | AH14: 7 | AI14: 6 | AM14: 24 | AN14: stable | AO14: 0
A15: BLOCK 1 | B15: 11 | C15: SQUARE | D15: 3 | E15: 5 | G15: 5 | H15: 2 | I15: 1.9991 | J15: 87 | K15: =IF(COUNT(J15,I15)=0,"",IFERROR(J15/1000/I15,"")) -> 0.043519584 | L15: 0.07 | M15: =IF(COUNT(H15,L15)=0,"",IFERROR(H15*L15,"")) -> 0.14 | N15: 0.329 | O15: 0.107 | P15: 0.113 | Q15: =IF(COUNT(O15,P15)=0,"",IFERROR(O15*1000/P15*1000,"")) -> 946902.65 | R15: 0.006 | S15: =IF(COUNT(O15,P15)=0,"",IFERROR(O15*P15,"")) -> 0.012091 | T15: 86.5 | U15: =IF(COUNT(T15)=0,"",IFERROR(COS(T15/180*PI()),"")) -> 0.06104854 | V15: =IF(COUNT(S15,T15)=0,"",IFERROR(S15*COS(T15/360*2*3.14),"")) -> 0.00074737436 | W15: =IF(COUNT(V15,M15)=0,"",IFERROR(1-V15/M15,"")) -> 0.99466161 | Z15: =IFERROR(IF(OR(V15="",X15="",X15=0),"",(V15-X15)/X15*100),"") | AA15: =IF(COUNT(AD15,AE15,AF15,AG15,AH15,AI15,AJ15,AK15,AL15,AC15)=0,"",IFERROR(SQRT(AD15^2+AE15^2+AF15^2+AG15^2+AH15^2+AI15^2+AJ15^2+AK15^2+AL15^2)/AC15,"")) -> 0.27867981 | AB15: distorted sine | AC15: 102 | AD15: 24 | AE15: 14 | AF15: 6 | AM15: 24 | AN15: stable | AO15: 0 | AQ15: PIC_1725_19052026
A16: BLOCK 2 — DBD · DutyCycle-sweep 100→5% · 10 kHz · 4 V · SQUARE
A17: BLOCK 2 | B17: 1 | C17: SQUARE | D17: 3 | E17: 10 | G17: 100 | H17: 4 | I17: 3.9963 | J17: 339 | K17: =IF(COUNT(J17,I17)=0,"",IFERROR(J17/1000/I17,"")) -> 0.084828466 | L17: 1.11 | M17: =IF(COUNT(H17,L17)=0,"",IFERROR(H17*L17,"")) -> 4.44 | N17: 3.78 | O17: 1.23 | P17: 1.86 | Q17: =IF(COUNT(O17,P17)=0,"",IFERROR(O17*1000/P17*1000,"")) -> 661290.32 | R17: 2.01 | S17: =IF(COUNT(O17,P17)=0,"",IFERROR(O17*P17,"")) -> 2.2878 | T17: 70.5 | U17: =IF(COUNT(T17)=0,"",IFERROR(COS(T17/180*PI()),"")) -> 0.33380686 | V17: =IF(COUNT(S17,T17)=0,"",IFERROR(S17*COS(T17/360*2*3.14),"")) -> 0.76502843 | W17: =IF(COUNT(V17,M17)=0,"",IFERROR(1-V17/M17,"")) -> 0.8276963 | Z17: =IFERROR(IF(OR(V17="",X17="",X17=0),"",(V17-X17)/X17*100),"") | AA17: =IF(COUNT(AD17,AE17,AF17,AG17,AH17,AI17,AJ17,AK17,AL17,AC17)=0,"",IFERROR(SQRT(AD17^2+AE17^2+AF17^2+AG17^2+AH17^2+AI17^2+AJ17^2+AK17^2+AL17^2)/AC17,"")) -> 0.115683 | AB17: peaked sine | AC17: 1226 | AD17: 110 | AE17: 78 | AF17: 35 | AG17: 18 | AH17: 13 | AI17: 10 | AJ17: 8 | AK17: 7 | AM17: 51 | AN17: upward current drift
A18: BLOCK 2 | B18: 2 | C18: SQUARE | D18: 3 | E18: 10 | G18: 90 | H18: 4 | I18: 4.006 | J18: 327 | K18: =IF(COUNT(J18,I18)=0,"",IFERROR(J18/1000/I18,"")) -> 0.081627559 | L18: 1.02 | M18: =IF(COUNT(H18,L18)=0,"",IFERROR(H18*L18,"")) -> 4.08 | N18: 3.59 | O18: 0.95 | P18: 1.711 | Q18: =IF(COUNT(O18,P18)=0,"",IFERROR(O18*1000/P18*1000,"")) -> 555230.86 | R18: 1.94 | S18: =IF(COUNT(O18,P18)=0,"",IFERROR(O18*P18,"")) -> 1.62545 | T18: 64.8 | U18: =IF(COUNT(T18)=0,"",IFERROR(COS(T18/180*PI()),"")) -> 0.42577929 | V18: =IF(COUNT(S18,T18)=0,"",IFERROR(S18*COS(T18/360*2*3.14),"")) -> 0.6929261 | W18: =IF(COUNT(V18,M18)=0,"",IFERROR(1-V18/M18,"")) -> 0.83016517 | Z18: =IFERROR(IF(OR(V18="",X18="",X18=0),"",(V18-X18)/X18*100),"") | AA18: =IF(COUNT(AD18,AE18,AF18,AG18,AH18,AI18,AJ18,AK18,AL18,AC18)=0,"",IFERROR(SQRT(AD18^2+AE18^2+AF18^2+AG18^2+AH18^2+AI18^2+AJ18^2+AK18^2+AL18^2)/AC18,"")) -> 0.11405549 | AB18: less peaked sine | AC18: 1171 | AD18: 112 | AE18: 68 | AF18: 21 | AG18: 12 | AH18: 7 | AI18: 6 | AM18: 50 | AN18: downward current drift
A19: BLOCK 2 | B19: 3 | C19: SQUARE | D19: 3 | E19: 10 | G19: 80 | H19: 4 | I19: 4 | J19: 291 | K19: =IF(COUNT(J19,I19)=0,"",IFERROR(J19/1000/I19,"")) -> 0.07275 | L19: 0.57 | M19: =IF(COUNT(H19,L19)=0,"",IFERROR(H19*L19,"")) -> 2.28 | N19: 2.28 | O19: 0.784 | P19: 1.042 | Q19: =IF(COUNT(O19,P19)=0,"",IFERROR(O19*1000/P19*1000,"")) -> 752399.23 | R19: 0.847 | S19: =IF(COUNT(O19,P19)=0,"",IFERROR(O19*P19,"")) -> 0.816928 | T19: 58 | U19: =IF(COUNT(T19)=0,"",IFERROR(COS(T19/180*PI()),"")) -> 0.52991926 | V19: =IF(COUNT(S19,T19)=0,"",IFERROR(S19*COS(T19/360*2*3.14),"")) -> 0.43326136 | W19: =IF(COUNT(V19,M19)=0,"",IFERROR(1-V19/M19,"")) -> 0.80997309 | Z19: =IFERROR(IF(OR(V19="",X19="",X19=0),"",(V19-X19)/X19*100),"") | AA19: =IF(COUNT(AD19,AE19,AF19,AG19,AH19,AI19,AJ19,AK19,AL19,AC19)=0,"",IFERROR(SQRT(AD19^2+AE19^2+AF19^2+AG19^2+AH19^2+AI19^2+AJ19^2+AK19^2+AL19^2)/AC19,"")) -> 0.14732527 | AB19: sine | AC19: 785 | AD19: 109 | AE19: 36 | AF19: 10 | AG19: 7 | AH19: 7 | AM19: 42 | AN19: downward current drift
A20: BLOCK 2 | B20: 4 | C20: SQUARE | D20: 3 | E20: 10 | G20: 70 | H20: 4 | I20: 3.9946 | J20: 251 | K20: =IF(COUNT(J20,I20)=0,"",IFERROR(J20/1000/I20,"")) -> 0.062834827 | L20: 0.42 | M20: =IF(COUNT(H20,L20)=0,"",IFERROR(H20*L20,"")) -> 1.68 | N20: 1.67 | O20: 0.606 | P20: 0.812 | Q20: =IF(COUNT(O20,P20)=0,"",IFERROR(O20*1000/P20*1000,"")) -> 746305.42 | R20: 0.476 | S20: =IF(COUNT(O20,P20)=0,"",IFERROR(O20*P20,"")) -> 0.492072 | T20: 58.5 | U20: =IF(COUNT(T20)=0,"",IFERROR(COS(T20/180*PI()),"")) -> 0.52249856 | V20: =IF(COUNT(S20,T20)=0,"",IFERROR(S20*COS(T20/360*2*3.14),"")) -> 0.25732405 | W20: =IF(COUNT(V20,M20)=0,"",IFERROR(1-V20/M20,"")) -> 0.84683092 | Z20: =IFERROR(IF(OR(V20="",X20="",X20=0),"",(V20-X20)/X20*100),"") | AA20: =IF(COUNT(AD20,AE20,AF20,AG20,AH20,AI20,AJ20,AK20,AL20,AC20)=0,"",IFERROR(SQRT(AD20^2+AE20^2+AF20^2+AG20^2+AH20^2+AI20^2+AJ20^2+AK20^2+AL20^2)/AC20,"")) -> 0.0832864 | AB20: sine | AC20: 596 | AD20: 45 | AE20: 13 | AF20: 11 | AG20: 10 | AH20: 7 | AM20: 35
A21: BLOCK 2 | B21: 5 | C21: SQUARE | D21: 3 | E21: 10 | G21: 60 | H21: 4 | I21: 3.9936 | J21: 191 | K21: =IF(COUNT(J21,I21)=0,"",IFERROR(J21/1000/I21,"")) -> 0.047826522 | L21: 0.37 | M21: =IF(COUNT(H21,L21)=0,"",IFERROR(H21*L21,"")) -> 1.48 | N21: 1.46 | O21: 0.546 | P21: 0.733 | Q21: =IF(COUNT(O21,P21)=0,"",IFERROR(O21*1000/P21*1000,"")) -> 744884.04 | R21: 0.355 | S21: =IF(COUNT(O21,P21)=0,"",IFERROR(O21*P21,"")) -> 0.400218 | T21: 59.7 | U21: =IF(COUNT(T21)=0,"",IFERROR(COS(T21/180*PI()),"")) -> 0.50452762 | V21: =IF(COUNT(S21,T21)=0,"",IFERROR(S21*COS(T21/360*2*3.14),"")) -> 0.20210354 | W21: =IF(COUNT(V21,M21)=0,"",IFERROR(1-V21/M21,"")) -> 0.86344356 | Z21: =IFERROR(IF(OR(V21="",X21="",X21=0),"",(V21-X21)/X21*100),"") | AA21: =IF(COUNT(AD21,AE21,AF21,AG21,AH21,AI21,AJ21,AK21,AL21,AC21)=0,"",IFERROR(SQRT(AD21^2+AE21^2+AF21^2+AG21^2+AH21^2+AI21^2+AJ21^2+AK21^2+AL21^2)/AC21,"")) -> 0.10698716 | AB21: flattened sine | AC21: 493 | AD21: 46 | AE21: 17 | AF21: 16 | AG21: 11 | AM21: 32
A22: BLOCK 2 | B22: 6 | C22: SQUARE | D22: 3 | E22: 10 | G22: 50 | H22: 4 | I22: 3.9915 | J22: 211 | K22: =IF(COUNT(J22,I22)=0,"",IFERROR(J22/1000/I22,"")) -> 0.052862332 | L22: 0.27 | M22: =IF(COUNT(H22,L22)=0,"",IFERROR(H22*L22,"")) -> 1.08 | N22: 1.017 | O22: 0.395 | P22: 0.565 | Q22: =IF(COUNT(O22,P22)=0,"",IFERROR(O22*1000/P22*1000,"")) -> 699115.04 | R22: 0.187 | S22: =IF(COUNT(O22,P22)=0,"",IFERROR(O22*P22,"")) -> 0.223175 | T22: 62 | U22: =IF(COUNT(T22)=0,"",IFERROR(COS(T22/180*PI()),"")) -> 0.46947156 | V22: =IF(COUNT(S22,T22)=0,"",IFERROR(S22*COS(T22/360*2*3.14),"")) -> 0.1048824 | W22: =IF(COUNT(V22,M22)=0,"",IFERROR(1-V22/M22,"")) -> 0.90288667 | Z22: =IFERROR(IF(OR(V22="",X22="",X22=0),"",(V22-X22)/X22*100),"") | AA22: =IF(COUNT(AD22,AE22,AF22,AG22,AH22,AI22,AJ22,AK22,AL22,AC22)=0,"",IFERROR(SQRT(AD22^2+AE22^2+AF22^2+AG22^2+AH22^2+AI22^2+AJ22^2+AK22^2+AL22^2)/AC22,"")) -> 0.1032051 | AB22: flattened sine | AC22: 386 | AD22: 30 | AE22: 19 | AF22: 13 | AG22: 11 | AH22: 6 | AM22: 29
A23: BLOCK 2 | B23: 7 | C23: SQUARE | D23: 3 | E23: 10 | G23: 40 | H23: 4 | I23: 3.991 | J23: 187 | K23: =IF(COUNT(J23,I23)=0,"",IFERROR(J23/1000/I23,"")) -> 0.046855425 | L23: 0.16 | M23: =IF(COUNT(H23,L23)=0,"",IFERROR(H23*L23,"")) -> 0.64 | N23: 0.774 | O23: 0.311 | P23: 0.478 | Q23: =IF(COUNT(O23,P23)=0,"",IFERROR(O23*1000/P23*1000,"")) -> 650627.62 | R23: 0.112 | S23: =IF(COUNT(O23,P23)=0,"",IFERROR(O23*P23,"")) -> 0.148658 | T23: 65.5 | U23: =IF(COUNT(T23)=0,"",IFERROR(COS(T23/180*PI()),"")) -> 0.41469324 | V23: =IF(COUNT(S23,T23)=0,"",IFERROR(S23*COS(T23/360*2*3.14),"")) -> 0.061725855 | W23: =IF(COUNT(V23,M23)=0,"",IFERROR(1-V23/M23,"")) -> 0.90355335 | Z23: =IFERROR(IF(OR(V23="",X23="",X23=0),"",(V23-X23)/X23*100),"") | AA23: =IF(COUNT(AD23,AE23,AF23,AG23,AH23,AI23,AJ23,AK23,AL23,AC23)=0,"",IFERROR(SQRT(AD23^2+AE23^2+AF23^2+AG23^2+AH23^2+AI23^2+AJ23^2+AK23^2+AL23^2)/AC23,"")) -> 0.1458082 | AB23: flattened sine | AC23: 302 | AD23: 37 | AE23: 20 | AF23: 11 | AG23: 7 | AM23: 26
A24: BLOCK 2 | B24: 8 | C24: SQUARE | D24: 3 | E24: 10 | G24: 30 | H24: 4 | I24: 3.9915 | J24: 176 | K24: =IF(COUNT(J24,I24)=0,"",IFERROR(J24/1000/I24,"")) -> 0.044093699 | L24: 0.12 | M24: =IF(COUNT(H24,L24)=0,"",IFERROR(H24*L24,"")) -> 0.48 | N24: 0.563 | O24: 0.23 | P24: 0.394 | Q24: =IF(COUNT(O24,P24)=0,"",IFERROR(O24*1000/P24*1000,"")) -> 583756.35 | R24: 0.061 | S24: =IF(COUNT(O24,P24)=0,"",IFERROR(O24*P24,"")) -> 0.09062 | T24: 70.5 | U24: =IF(COUNT(T24)=0,"",IFERROR(COS(T24/180*PI()),"")) -> 0.33380686 | V24: =IF(COUNT(S24,T24)=0,"",IFERROR(S24*COS(T24/360*2*3.14),"")) -> 0.030302857 | W24: =IF(COUNT(V24,M24)=0,"",IFERROR(1-V24/M24,"")) -> 0.93686905 | Z24: =IFERROR(IF(OR(V24="",X24="",X24=0),"",(V24-X24)/X24*100),"") | AA24: =IF(COUNT(AD24,AE24,AF24,AG24,AH24,AI24,AJ24,AK24,AL24,AC24)=0,"",IFERROR(SQRT(AD24^2+AE24^2+AF24^2+AG24^2+AH24^2+AI24^2+AJ24^2+AK24^2+AL24^2)/AC24,"")) -> 0.19225068 | AB24: flattened sine | AC24: 223 | AD24: 36 | AE24: 19 | AF24: 10 | AG24: 9 | AM24: 25
A25: BLOCK 2 | B25: 9 | C25: SQUARE | D25: 3 | E25: 10 | G25: 20 | H25: 4 | I25: 3.9914 | J25: 191 | K25: =IF(COUNT(J25,I25)=0,"",IFERROR(J25/1000/I25,"")) -> 0.047852884 | L25: 0.1 | M25: =IF(COUNT(H25,L25)=0,"",IFERROR(H25*L25,"")) -> 0.4 | N25: 0.375 | O25: 0.157 | P25: 0.317 | Q25: =IF(COUNT(O25,P25)=0,"",IFERROR(O25*1000/P25*1000,"")) -> 495268.14 | R25: 0.028 | S25: =IF(COUNT(O25,P25)=0,"",IFERROR(O25*P25,"")) -> 0.049769 | T25: 81.4 | U25: =IF(COUNT(T25)=0,"",IFERROR(COS(T25/180*PI()),"")) -> 0.14953534 | V25: =IF(COUNT(S25,T25)=0,"",IFERROR(S25*COS(T25/360*2*3.14),"")) -> 0.0074776648 | W25: =IF(COUNT(V25,M25)=0,"",IFERROR(1-V25/M25,"")) -> 0.98130584 | Z25: =IFERROR(IF(OR(V25="",X25="",X25=0),"",(V25-X25)/X25*100),"") | AA25: =IF(COUNT(AD25,AE25,AF25,AG25,AH25,AI25,AJ25,AK25,AL25,AC25)=0,"",IFERROR(SQRT(AD25^2+AE25^2+AF25^2+AG25^2+AH25^2+AI25^2+AJ25^2+AK25^2+AL25^2)/AC25,"")) -> 0.2569345 | AB25: flattened sine | AC25: 148 | AD25: 29 | AE25: 20 | AF25: 13 | AG25: 6 | AM25: 25
A26: BLOCK 2 | B26: 10 | C26: SQUARE | D26: 3 | E26: 10 | G26: 10 | H26: 4 | I26: 3.9936 | J26: 311 | K26: =IF(COUNT(J26,I26)=0,"",IFERROR(J26/1000/I26,"")) -> 0.077874599 | L26: 0.08 | M26: =IF(COUNT(H26,L26)=0,"",IFERROR(H26*L26,"")) -> 0.32 | N26: 0.195 | O26: 0.083 | P26: 0.226 | Q26: =IF(COUNT(O26,P26)=0,"",IFERROR(O26*1000/P26*1000,"")) -> 367256.64 | R26: 0.009 | S26: =IF(COUNT(O26,P26)=0,"",IFERROR(O26*P26,"")) -> 0.018758 | T26: 91.7 | U26: =IF(COUNT(T26)=0,"",IFERROR(COS(T26/180*PI()),"")) -> -0.029666244 | V26: =IF(COUNT(S26,T26)=0,"",IFERROR(S26*COS(T26/360*2*3.14),"")) -> -0.00054126627 | W26: =IF(COUNT(V26,M26)=0,"",IFERROR(1-V26/M26,"")) -> 1.0016915 | Z26: =IFERROR(IF(OR(V26="",X26="",X26=0),"",(V26-X26)/X26*100),"") | AA26: =IF(COUNT(AD26,AE26,AF26,AG26,AH26,AI26,AJ26,AK26,AL26,AC26)=0,"",IFERROR(SQRT(AD26^2+AE26^2+AF26^2+AG26^2+AH26^2+AI26^2+AJ26^2+AK26^2+AL26^2)/AC26,"")) -> 0.3564794 | AB26: flattened sine | AC26: 76 | AD26: 19 | AE26: 16 | AF26: 9 | AG26: 6 | AM26: 25
A27: BLOCK 2 | B27: 11 | C27: SQUARE | D27: 3 | E27: 10 | G27: 5 | H27: 4 | I27: 3.9972 | J27: 51 | K27: =IF(COUNT(J27,I27)=0,"",IFERROR(J27/1000/I27,"")) -> 0.012758931 | L27: 0.08 | M27: =IF(COUNT(H27,L27)=0,"",IFERROR(H27*L27,"")) -> 0.32 | N27: 0 | O27: 0 | P27: 0 | Q27: =IF(COUNT(O27,P27)=0,"",IFERROR(O27*1000/P27*1000,"")) | R27: 0 | S27: =IF(COUNT(O27,P27)=0,"",IFERROR(O27*P27,"")) -> 0 | T27: 0 | U27: =IF(COUNT(T27)=0,"",IFERROR(COS(T27/180*PI()),"")) -> 1 | V27: =IF(COUNT(S27,T27)=0,"",IFERROR(S27*COS(T27/360*2*3.14),"")) -> 0 | W27: =IF(COUNT(V27,M27)=0,"",IFERROR(1-V27/M27,"")) -> 1 | Z27: =IFERROR(IF(OR(V27="",X27="",X27=0),"",(V27-X27)/X27*100),"") | AA27: =IF(COUNT(AD27,AE27,AF27,AG27,AH27,AI27,AJ27,AK27,AL27,AC27)=0,"",IFERROR(SQRT(AD27^2+AE27^2+AF27^2+AG27^2+AH27^2+AI27^2+AJ27^2+AK27^2+AL27^2)/AC27,"")) | AB27: no signal | AC27: 0 | AD27: 0 | AE27: 0 | AF27: 0 | AG27: 0 | AH27: 0 | AI27: 0 | AM27: 25
A28: BLOCK 3 — DBD · DutyCycle-sweep 100→5% · 5 kHz · 4 V · SQUARE (11 steps) — separates the voltage effect (vs Block 1) from the frequency effect (vs Block 2)
A29: BLOCK 3 | B29: 1 | C29: SQUARE | D29: 3 | E29: 5 | G29: 100 | H29: 4 | I29: 3.87 | J29: 237 | K29: =IF(COUNT(J29,I29)=0,"",IFERROR(J29/1000/I29,"")) -> 0.06124031 | L29: 0.61 | M29: =IF(COUNT(H29,L29)=0,"",IFERROR(H29*L29,"")) -> 2.44 | N29: 5.13 | O29: 1.88 | P29: 0.907 | Q29: =IF(COUNT(O29,P29)=0,"",IFERROR(O29*1000/P29*1000,"")) -> 2072767.4 | R29: 0.89 | S29: =IF(COUNT(O29,P29)=0,"",IFERROR(O29*P29,"")) -> 1.70516 | T29: 85.16 | U29: =IF(COUNT(T29)=0,"",IFERROR(COS(T29/180*PI()),"")) -> 0.084373506 | V29: =IF(COUNT(S29,T29)=0,"",IFERROR(S29*COS(T29/360*2*3.14),"")) -> 0.14515055 | W29: =IF(COUNT(V29,M29)=0,"",IFERROR(1-V29/M29,"")) -> 0.94051207 | X29: 0.15 | Y29: 0.085 | Z29: =IFERROR(IF(OR(V29="",X29="",X29=0),"",(V29-X29)/X29*100),"") -> -3.2329687 | AA29: =IF(COUNT(AD29,AE29,AF29,AG29,AH29,AI29,AJ29,AK29,AL29,AC29)=0,"",IFERROR(SQRT(AD29^2+AE29^2+AF29^2+AG29^2+AH29^2+AI29^2+AJ29^2+AK29^2+AL29^2)/AC29,"")) -> 0.20775377 | AB29: sine | AC29: 1065 | AD29: 182 | AE29: 118 | AF29: 32 | AG29: 19 | AH29: 12 | AI29: 12 | AJ29: 11 | AK29: 8 | AL29: 7 | AM29: 30 | AN29: stable | AO29: 1
A30: BLOCK 3 | B30: 2 | C30: SQUARE | D30: 3 | E30: 5 | G30: 90 | H30: 4 | I30: 3.87 | J30: 198 | K30: =IF(COUNT(J30,I30)=0,"",IFERROR(J30/1000/I30,"")) -> 0.051162791 | L30: 0.57 | M30: =IF(COUNT(H30,L30)=0,"",IFERROR(H30*L30,"")) -> 2.28 | N30: 5.05 | O30: 1.85 | P30: 0.835 | Q30: =IF(COUNT(O30,P30)=0,"",IFERROR(O30*1000/P30*1000,"")) -> 2215568.9 | R30: 0.866 | S30: =IF(COUNT(O30,P30)=0,"",IFERROR(O30*P30,"")) -> 1.54475 | T30: 85.8 | U30: =IF(COUNT(T30)=0,"",IFERROR(COS(T30/180*PI()),"")) -> 0.073238197 | V30: =IF(COUNT(S30,T30)=0,"",IFERROR(S30*COS(T30/360*2*3.14),"")) -> 0.11430424 | W30: =IF(COUNT(V30,M30)=0,"",IFERROR(1-V30/M30,"")) -> 0.94986656 | X30: 0.113 | Y30: 0.074 | Z30: =IFERROR(IF(OR(V30="",X30="",X30=0),"",(V30-X30)/X30*100),"") -> 1.1541972 | AA30: =IF(COUNT(AD30,AE30,AF30,AG30,AH30,AI30,AJ30,AK30,AL30,AC30)=0,"",IFERROR(SQRT(AD30^2+AE30^2+AF30^2+AG30^2+AH30^2+AI30^2+AJ30^2+AK30^2+AL30^2)/AC30,"")) -> 0.11875545 | AB30: sine | AC30: 1777 | AD30: 180 | AE30: 105 | AF30: 23 | AG30: 17 | AH30: 13 | AI30: 7 | AJ30: 6 | AK30: 6 | AM30: 30 | AN30: stable | AO30: 1
A31: BLOCK 3 | B31: 3 | C31: SQUARE | D31: 3 | E31: 5 | G31: 80 | H31: 4 | I31: 3.87 | J31: 198 | K31: =IF(COUNT(J31,I31)=0,"",IFERROR(J31/1000/I31,"")) -> 0.051162791 | L31: 0.51 | M31: =IF(COUNT(H31,L31)=0,"",IFERROR(H31*L31,"")) -> 2.04 | N31: 4.81 | O31: 1.76 | P31: 0.74 | Q31: =IF(COUNT(O31,P31)=0,"",IFERROR(O31*1000/P31*1000,"")) -> 2378378.4 | R31: 0.829 | S31: =IF(COUNT(O31,P31)=0,"",IFERROR(O31*P31,"")) -> 1.3024 | T31: 86.86 | U31: =IF(COUNT(T31)=0,"",IFERROR(COS(T31/180*PI()),"")) -> 0.05477591 | V31: =IF(COUNT(S31,T31)=0,"",IFERROR(S31*COS(T31/360*2*3.14),"")) -> 0.072339573 | W31: =IF(COUNT(V31,M31)=0,"",IFERROR(1-V31/M31,"")) -> 0.96453943 | X31: 0.071 | Y31: 0.054 | Z31: =IFERROR(IF(OR(V31="",X31="",X31=0),"",(V31-X31)/X31*100),"") -> 1.8867219 | AA31: =IF(COUNT(AD31,AE31,AF31,AG31,AH31,AI31,AJ31,AK31,AL31,AC31)=0,"",IFERROR(SQRT(AD31^2+AE31^2+AF31^2+AG31^2+AH31^2+AI31^2+AJ31^2+AK31^2+AL31^2)/AC31,"")) -> 0.12594105 | AB31: sine | AC31: 1693 | AD31: 185 | AE31: 97 | AF31: 26 | AG31: 23 | AH31: 18 | AI31: 13 | AJ31: 9 | AK31: 7 | AM31: 29 | AN31: stable | AO31: 1 | AR31: very faint plasma
A32: BLOCK 3 | B32: 4 | C32: SQUARE | D32: 3 | E32: 5 | G32: 70 | H32: 4 | I32: 3.87 | J32: 158 | K32: =IF(COUNT(J32,I32)=0,"",IFERROR(J32/1000/I32,"")) -> 0.040826873 | L32: 0.4 | M32: =IF(COUNT(H32,L32)=0,"",IFERROR(H32*L32,"")) -> 1.6 | N32: 4.58 | O32: 1.67 | P32: 0.66 | Q32: =IF(COUNT(O32,P32)=0,"",IFERROR(O32*1000/P32*1000,"")) -> 2530303 | R32: 0.75 | S32: =IF(COUNT(O32,P32)=0,"",IFERROR(O32*P32,"")) -> 1.1022 | T32: 88.8 | U32: =IF(COUNT(T32)=0,"",IFERROR(COS(T32/180*PI()),"")) -> 0.02094242 | V32: =IF(COUNT(S32,T32)=0,"",IFERROR(S32*COS(T32/360*2*3.14),"")) -> 0.023948547 | W32: =IF(COUNT(V32,M32)=0,"",IFERROR(1-V32/M32,"")) -> 0.98503216 | X32: 0.023 | Y32: 0.02 | Z32: =IFERROR(IF(OR(V32="",X32="",X32=0),"",(V32-X32)/X32*100),"") -> 4.1241158 | AA32: =IF(COUNT(AD32,AE32,AF32,AG32,AH32,AI32,AJ32,AK32,AL32,AC32)=0,"",IFERROR(SQRT(AD32^2+AE32^2+AF32^2+AG32^2+AH32^2+AI32^2+AJ32^2+AK32^2+AL32^2)/AC32,"")) -> 0.13401066 | AB32: sine | AC32: 1611 | AD32: 182 | AE32: 103 | AF32: 38 | AG32: 28 | AH32: 22 | AI32: 10 | AJ32: 8 | AM32: 28 | AN32: stable | AO32: 1 | AR32: very faint plasma
A33: BLOCK 3 | B33: 5 | C33: SQUARE | D33: 3 | E33: 5 | G33: 60 | H33: 4 | I33: 3.87 | J33: 118 | K33: =IF(COUNT(J33,I33)=0,"",IFERROR(J33/1000/I33,"")) -> 0.030490956 | L33: 0.34 | M33: =IF(COUNT(H33,L33)=0,"",IFERROR(H33*L33,"")) -> 1.36 | N33: 4.34 | O33: 1.59 | P33: 0.592 | Q33: =IF(COUNT(O33,P33)=0,"",IFERROR(O33*1000/P33*1000,"")) -> 2685810.8 | R33: 0.625 | S33: =IF(COUNT(O33,P33)=0,"",IFERROR(O33*P33,"")) -> 0.94128 | T33: 89.75 | U33: =IF(COUNT(T33)=0,"",IFERROR(COS(T33/180*PI()),"")) -> 0.0043633093 | V33: =IF(COUNT(S33,T33)=0,"",IFERROR(S33*COS(T33/360*2*3.14),"")) -> 0.0048545716 | W33: =IF(COUNT(V33,M33)=0,"",IFERROR(1-V33/M33,"")) -> 0.99643046 | X33: 0.0034 | Y33: 0.0041 | Z33: =IFERROR(IF(OR(V33="",X33="",X33=0),"",(V33-X33)/X33*100),"") -> 42.781519 | AA33: =IF(COUNT(AD33,AE33,AF33,AG33,AH33,AI33,AJ33,AK33,AL33,AC33)=0,"",IFERROR(SQRT(AD33^2+AE33^2+AF33^2+AG33^2+AH33^2+AI33^2+AJ33^2+AK33^2+AL33^2)/AC33,"")) -> 0.14316152 | AB33: sine | AC33: 1531 | AD33: 180 | AE33: 113 | AF33: 38 | AG33: 33 | AH33: 15 | AI33: 8 | AJ33: 7 | AM33: 27 | AN33: stable | AO33: 0
A34: BLOCK 3 | B34: 6 | C34: SQUARE | D34: 3 | E34: 5 | G34: 50 | H34: 4 | I34: 3.87 | J34: 118 | K34: =IF(COUNT(J34,I34)=0,"",IFERROR(J34/1000/I34,"")) -> 0.030490956 | L34: 0.3 | M34: =IF(COUNT(H34,L34)=0,"",IFERROR(H34*L34,"")) -> 1.2 | N34: 4.11 | O34: 1.52 | P34: 0.521 | Q34: =IF(COUNT(O34,P34)=0,"",IFERROR(O34*1000/P34*1000,"")) -> 2917466.4 | R34: 0.478 | S34: =IF(COUNT(O34,P34)=0,"",IFERROR(O34*P34,"")) -> 0.79192 | T34: 90.5 | U34: =IF(COUNT(T34)=0,"",IFERROR(COS(T34/180*PI()),"")) -> -0.0087265355 | V34: =IF(COUNT(S34,T34)=0,"",IFERROR(S34*COS(T34/360*2*3.14),"")) -> -0.0062766094 | W34: =IF(COUNT(V34,M34)=0,"",IFERROR(1-V34/M34,"")) -> 1.0052305 | X34: -0.0075 | Y34: -0.009 | Z34: =IFERROR(IF(OR(V34="",X34="",X34=0),"",(V34-X34)/X34*100),"") -> -16.311875 | AA34: =IF(COUNT(AD34,AE34,AF34,AG34,AH34,AI34,AJ34,AK34,AL34,AC34)=0,"",IFERROR(SQRT(AD34^2+AE34^2+AF34^2+AG34^2+AH34^2+AI34^2+AJ34^2+AK34^2+AL34^2)/AC34,"")) -> 0.1496283 | AB34: sine | AC34: 1461 | AD34: 177 | AE34: 118 | AF34: 37 | AG34: 26 | AH34: 17 | AI34: 11 | AJ34: 9 | AM34: 27 | AN34: stable | AO34: 0
A35: BLOCK 3 | B35: 7 | C35: SQUARE | D35: 3 | E35: 5 | G35: 40 | H35: 4 | I35: 3.87 | J35: 158 | K35: =IF(COUNT(J35,I35)=0,"",IFERROR(J35/1000/I35,"")) -> 0.040826873 | L35: 0.25 | M35: =IF(COUNT(H35,L35)=0,"",IFERROR(H35*L35,"")) -> 1 | N35: 3.63 | O35: 1.36 | P35: 0.445 | Q35: =IF(COUNT(O35,P35)=0,"",IFERROR(O35*1000/P35*1000,"")) -> 3056179.8 | R35: 0.37 | S35: =IF(COUNT(O35,P35)=0,"",IFERROR(O35*P35,"")) -> 0.6052 | T35: 92.3 | U35: =IF(COUNT(T35)=0,"",IFERROR(COS(T35/180*PI()),"")) -> -0.040131793 | V35: =IF(COUNT(S35,T35)=0,"",IFERROR(S35*COS(T35/360*2*3.14),"")) -> -0.023793898 | W35: =IF(COUNT(V35,M35)=0,"",IFERROR(1-V35/M35,"")) -> 1.0237939 | X35: -0.023 | Y35: -0.038 | Z35: =IFERROR(IF(OR(V35="",X35="",X35=0),"",(V35-X35)/X35*100),"") -> 3.4517297 | AA35: =IF(COUNT(AD35,AE35,AF35,AG35,AH35,AI35,AJ35,AK35,AL35,AC35)=0,"",IFERROR(SQRT(AD35^2+AE35^2+AF35^2+AG35^2+AH35^2+AI35^2+AJ35^2+AK35^2+AL35^2)/AC35,"")) -> 0.16391141 | AB35: sine | AC35: 1315 | AD35: 180 | AE35: 101 | AF35: 56 | AG35: 19 | AH35: 15 | AI35: 8 | AJ35: 6 | AK35: 6 | AM35: 27 | AN35: stable | AO35: 0
A36: BLOCK 3 | B36: 8 | C36: SQUARE | D36: 3 | E36: 5 | G36: 30 | H36: 4 | I36: 3.87 | J36: 118 | K36: =IF(COUNT(J36,I36)=0,"",IFERROR(J36/1000/I36,"")) -> 0.030490956 | L36: 0.19 | M36: =IF(COUNT(H36,L36)=0,"",IFERROR(H36*L36,"")) -> 0.76 | N36: 2.61 | O36: 0.872 | P36: 0.358 | Q36: =IF(COUNT(O36,P36)=0,"",IFERROR(O36*1000/P36*1000,"")) -> 2435754.2 | R36: 0.25 | S36: =IF(COUNT(O36,P36)=0,"",IFERROR(O36*P36,"")) -> 0.312176 | T36: 96.8 | U36: =IF(COUNT(T36)=0,"",IFERROR(COS(T36/180*PI()),"")) -> -0.11840397 | V36: =IF(COUNT(S36,T36)=0,"",IFERROR(S36*COS(T36/360*2*3.14),"")) -> -0.036697368 | W36: =IF(COUNT(V36,M36)=0,"",IFERROR(1-V36/M36,"")) -> 1.048286 | X36: -0.0378 | Y36: -0.119 | Z36: =IFERROR(IF(OR(V36="",X36="",X36=0),"",(V36-X36)/X36*100),"") -> -2.9170165 | AA36: =IF(COUNT(AD36,AE36,AF36,AG36,AH36,AI36,AJ36,AK36,AL36,AC36)=0,"",IFERROR(SQRT(AD36^2+AE36^2+AF36^2+AG36^2+AH36^2+AI36^2+AJ36^2+AK36^2+AL36^2)/AC36,"")) -> 0.24536641 | AB36: distorted sine | AC36: 830 | AD36: 170 | AE36: 103 | AF36: 34 | AG36: 25 | AH36: 11 | AI36: 8 | AM36: 28 | AN36: stable | AO36: 0
A37: BLOCK 3 | B37: 9 | C37: SQUARE | D37: 3 | E37: 5 | G37: 20 | H37: 4 | I37: 3.87 | J37: 118 | K37: =IF(COUNT(J37,I37)=0,"",IFERROR(J37/1000/I37,"")) -> 0.030490956 | L37: 0.13 | M37: =IF(COUNT(H37,L37)=0,"",IFERROR(H37*L37,"")) -> 0.52 | N37: 1.66 | O37: 0.536 | P37: 0.335 | Q37: =IF(COUNT(O37,P37)=0,"",IFERROR(O37*1000/P37*1000,"")) -> 1600000 | R37: 0.118 | S37: =IF(COUNT(O37,P37)=0,"",IFERROR(O37*P37,"")) -> 0.17956 | T37: 103.9 | U37: =IF(COUNT(T37)=0,"",IFERROR(COS(T37/180*PI()),"")) -> -0.24022804 | V37: =IF(COUNT(S37,T37)=0,"",IFERROR(S37*COS(T37/360*2*3.14),"")) -> -0.042975091 | W37: =IF(COUNT(V37,M37)=0,"",IFERROR(1-V37/M37,"")) -> 1.0826444 | X37: -0.043 | Y37: -0.241 | Z37: =IFERROR(IF(OR(V37="",X37="",X37=0),"",(V37-X37)/X37*100),"") -> -0.0579284 | AA37: =IF(COUNT(AD37,AE37,AF37,AG37,AH37,AI37,AJ37,AK37,AL37,AC37)=0,"",IFERROR(SQRT(AD37^2+AE37^2+AF37^2+AG37^2+AH37^2+AI37^2+AJ37^2+AK37^2+AL37^2)/AC37,"")) -> 0.39845719 | AB37: distorted sine | AC37: 472 | AD37: 164 | AE37: 83 | AF37: 30 | AG37: 23 | AH37: 11 | AI37: 6 | AM37: 27 | AN37: stable | AO37: 0
A38: BLOCK 3 | B38: 10 | C38: SQUARE | D38: 3 | E38: 5 | G38: 10 | H38: 4 | I38: 3.87 | J38: 118 | K38: =IF(COUNT(J38,I38)=0,"",IFERROR(J38/1000/I38,"")) -> 0.030490956 | L38: 0.09 | M38: =IF(COUNT(H38,L38)=0,"",IFERROR(H38*L38,"")) -> 0.36 | N38: 0.665 | O38: 0.213 | P38: 0.223 | Q38: =IF(COUNT(O38,P38)=0,"",IFERROR(O38*1000/P38*1000,"")) -> 955156.95 | R38: 0.051 | S38: =IF(COUNT(O38,P38)=0,"",IFERROR(O38*P38,"")) -> 0.047499 | T38: 135.1 | U38: =IF(COUNT(T38)=0,"",IFERROR(COS(T38/180*PI()),"")) -> -0.70833984 | V38: =IF(COUNT(S38,T38)=0,"",IFERROR(S38*COS(T38/360*2*3.14),"")) -> -0.033605331 | W38: =IF(COUNT(V38,M38)=0,"",IFERROR(1-V38/M38,"")) -> 1.0933481 | X38: -0.033 | Y38: -0.708 | Z38: =IFERROR(IF(OR(V38="",X38="",X38=0),"",(V38-X38)/X38*100),"") -> 1.8343368 | AA38: =IF(COUNT(AD38,AE38,AF38,AG38,AH38,AI38,AJ38,AK38,AL38,AC38)=0,"",IFERROR(SQRT(AD38^2+AE38^2+AF38^2+AG38^2+AH38^2+AI38^2+AJ38^2+AK38^2+AL38^2)/AC38,"")) -> 0.28621633 | AB38: distorted sine | AC38: 195 | AD38: 44 | AE38: 21 | AF38: 19 | AG38: 13 | AH38: 12 | AI38: 8 | AM38: 27 | AN38: stable | AO38: 0
A39: BLOCK 3 | B39: 11 | C39: SQUARE | D39: 3 | E39: 5 | G39: 5 | H39: 4 | I39: 3.87 | J39: 79 | K39: =IF(COUNT(J39,I39)=0,"",IFERROR(J39/1000/I39,"")) -> 0.020413437 | L39: 0.07 | M39: =IF(COUNT(H39,L39)=0,"",IFERROR(H39*L39,"")) -> 0.28 | N39: 0.313 | O39: 0.098 | P39: 0.147 | Q39: =IF(COUNT(O39,P39)=0,"",IFERROR(O39*1000/P39*1000,"")) -> 666666.67 | R39: 0.054 | S39: =IF(COUNT(O39,P39)=0,"",IFERROR(O39*P39,"")) -> 0.014406 | T39: - | U39: =IF(COUNT(T39)=0,"",IFERROR(COS(T39/180*PI()),"")) | V39: =IF(COUNT(S39,T39)=0,"",IFERROR(S39*COS(T39/360*2*3.14),"")) | W39: =IF(COUNT(V39,M39)=0,"",IFERROR(1-V39/M39,"")) | X39: -0.035 | Y39: -2.2 | Z39: =IFERROR(IF(OR(V39="",X39="",X39=0),"",(V39-X39)/X39*100),"") | AA39: =IF(COUNT(AD39,AE39,AF39,AG39,AH39,AI39,AJ39,AK39,AL39,AC39)=0,"",IFERROR(SQRT(AD39^2+AE39^2+AF39^2+AG39^2+AH39^2+AI39^2+AJ39^2+AK39^2+AL39^2)/AC39,"")) -> 0.34084137 | AB39: distorted sine | AC39: 90 | AD39: 24 | AE39: 12 | AF39: 11 | AG39: 8 | AH39: 6 | AM39: 26 | AN39: stable | AO39: 0
A40: BLOCK 4 — DBD · Pulse-burst DutyCycle-sweep · carrier 5 kHz · burst 1 kHz · V_Buck 15 V — pulsed-mode ignition threshold (ignition on 6/6 points; phase reading of step 2 questionable)
A41: BLOCK 4 | B41: 1 | C41: PULSE | D41: 3 | E41: 5 | F41: 1 | G41: 10 | H41: 15 | I41: 14.9 | J41: 633 | K41: =IF(COUNT(J41,I41)=0,"",IFERROR(J41/1000/I41,"")) -> 0.042483221 | L41: 0.14 | M41: =IF(COUNT(H41,L41)=0,"",IFERROR(H41*L41,"")) -> 2.1 | N41: 6.79 | O41: 1.07 | P41: 0.648 | Q41: =IF(COUNT(O41,P41)=0,"",IFERROR(O41*1000/P41*1000,"")) -> 1651234.6 | R41: 0.542 | S41: =IF(COUNT(O41,P41)=0,"",IFERROR(O41*P41,"")) -> 0.69336 | T41: 82.4 | U41: =IF(COUNT(T41)=0,"",IFERROR(COS(T41/180*PI()),"")) -> 0.13225639 | V41: =IF(COUNT(S41,T41)=0,"",IFERROR(S41*COS(T41/360*2*3.14),"")) -> 0.092202342 | W41: =IF(COUNT(V41,M41)=0,"",IFERROR(1-V41/M41,"")) -> 0.95609412 | X41: 0.0928 | Y41: 0.129 | Z41: =IFERROR(IF(OR(V41="",X41="",X41=0),"",(V41-X41)/X41*100),"") -> -0.64402851 | AA41: =IF(COUNT(AD41,AE41,AF41,AG41,AH41,AI41,AJ41,AK41,AL41,AC41)=0,"",IFERROR(SQRT(AD41^2+AE41^2+AF41^2+AG41^2+AH41^2+AI41^2+AJ41^2+AK41^2+AL41^2)/AC41,"")) | AB41: pulsed sine | AM41: 28 | AN41: unstable | AO41: 1 | AR41: pulsation caused by the garbage collector interrupting the pulse train
A42: BLOCK 4 | B42: 2 | C42: PULSE | D42: 3 | E42: 5 | F42: 1 | G42: 25 | H42: 15 | I42: 14.91 | K42: =IF(COUNT(J42,I42)=0,"",IFERROR(J42/1000/I42,"")) -> 0 | L42: 0.36 | M42: =IF(COUNT(H42,L42)=0,"",IFERROR(H42*L42,"")) -> 5.4 | N42: 8.1 | O42: 1.07 | P42: 1.87 | Q42: =IF(COUNT(O42,P42)=0,"",IFERROR(O42*1000/P42*1000,"")) -> 572192.51 | R42: 4.31 | S42: =IF(COUNT(O42,P42)=0,"",IFERROR(O42*P42,"")) -> 2.0009 | T42: 95.9 | U42: =IF(COUNT(T42)=0,"",IFERROR(COS(T42/180*PI()),"")) -> -0.10279254 | V42: =IF(COUNT(S42,T42)=0,"",IFERROR(S42*COS(T42/360*2*3.14),"")) -> -0.20398868 | W42: =IF(COUNT(V42,M42)=0,"",IFERROR(1-V42/M42,"")) -> 1.0377757 | X42: -0.399 | Y42: -0.085 | Z42: =IFERROR(IF(OR(V42="",X42="",X42=0),"",(V42-X42)/X42*100),"") -> -48.875017 | AA42: =IF(COUNT(AD42,AE42,AF42,AG42,AH42,AI42,AJ42,AK42,AL42,AC42)=0,"",IFERROR(SQRT(AD42^2+AE42^2+AF42^2+AG42^2+AH42^2+AI42^2+AJ42^2+AK42^2+AL42^2)/AC42,"")) | AB42: pulsed sine | AM42: 43 | AN42: unstable | AO42: 1 | AR42: Same, and upward drift of the primary current.
A43: BLOCK 4 | B43: 3 | C43: PULSE | D43: 3 | E43: 5 | F43: 1 | G43: 10 | H43: 10 | I43: 9.36 | J43: 1994 | K43: =IF(COUNT(J43,I43)=0,"",IFERROR(J43/1000/I43,"")) -> 0.21303419 | L43: 0.25 | M43: =IF(COUNT(H43,L43)=0,"",IFERROR(H43*L43,"")) -> 2.5 | N43: 6.63 | O43: 1.25 | P43: 1.89 | Q43: =IF(COUNT(O43,P43)=0,"",IFERROR(O43*1000/P43*1000,"")) -> 661375.66 | R43: 2.37 | S43: =IF(COUNT(O43,P43)=0,"",IFERROR(O43*P43,"")) -> 2.3625 | T43: 102 | U43: =IF(COUNT(T43)=0,"",IFERROR(COS(T43/180*PI()),"")) -> -0.20791169 | V43: =IF(COUNT(S43,T43)=0,"",IFERROR(S43*COS(T43/360*2*3.14),"")) -> -0.4891056 | W43: =IF(COUNT(V43,M43)=0,"",IFERROR(1-V43/M43,"")) -> 1.1956422 | X43: -0.485 | Y43: -0.216 | Z43: =IFERROR(IF(OR(V43="",X43="",X43=0),"",(V43-X43)/X43*100),"") -> 0.846515 | AA43: =IF(COUNT(AD43,AE43,AF43,AG43,AH43,AI43,AJ43,AK43,AL43,AC43)=0,"",IFERROR(SQRT(AD43^2+AE43^2+AF43^2+AG43^2+AH43^2+AI43^2+AJ43^2+AK43^2+AL43^2)/AC43,"")) | AB43: pulsed sine | AM43: 32 | AN43: stable | AO43: 1 | AR43: very faint plasma
A44: BLOCK 4 | B44: 4 | C44: PULSE | D44: 3 | E44: 5 | F44: 1 | G44: 25 | H44: 10 | I44: 9.35 | J44: 1994 | K44: =IF(COUNT(J44,I44)=0,"",IFERROR(J44/1000/I44,"")) -> 0.21326203 | L44: 0.28 | M44: =IF(COUNT(H44,L44)=0,"",IFERROR(H44*L44,"")) -> 2.8 | N44: 6.95 | O44: 1.31 | P44: 1.93 | Q44: =IF(COUNT(O44,P44)=0,"",IFERROR(O44*1000/P44*1000,"")) -> 678756.48 | R44: 2.48 | S44: =IF(COUNT(O44,P44)=0,"",IFERROR(O44*P44,"")) -> 2.5283 | T44: 101.5 | U44: =IF(COUNT(T44)=0,"",IFERROR(COS(T44/180*PI()),"")) -> -0.19936793 | V44: =IF(COUNT(S44,T44)=0,"",IFERROR(S44*COS(T44/360*2*3.14),"")) -> -0.50183671 | W44: =IF(COUNT(V44,M44)=0,"",IFERROR(1-V44/M44,"")) -> 1.1792274 | X44: -0.501 | Y44: -0.203 | Z44: =IFERROR(IF(OR(V44="",X44="",X44=0),"",(V44-X44)/X44*100),"") -> 0.16700879 | AA44: =IF(COUNT(AD44,AE44,AF44,AG44,AH44,AI44,AJ44,AK44,AL44,AC44)=0,"",IFERROR(SQRT(AD44^2+AE44^2+AF44^2+AG44^2+AH44^2+AI44^2+AJ44^2+AK44^2+AL44^2)/AC44,"")) | AB44: pulsed sine | AM44: 33 | AN44: stable | AO44: 1 | AR44: very faint plasma
A45: BLOCK 4 | B45: 5 | C45: PULSE | D45: 3 | E45: 5 | F45: 1 | G45: 40 | H45: 10 | I45: 9.34 | J45: 2791 | K45: =IF(COUNT(J45,I45)=0,"",IFERROR(J45/1000/I45,"")) -> 0.29882227 | L45: 0.54 | M45: =IF(COUNT(H45,L45)=0,"",IFERROR(H45*L45,"")) -> 5.4 | N45: 8.29 | O45: 1.83 | P45: 2.19 | Q45: =IF(COUNT(O45,P45)=0,"",IFERROR(O45*1000/P45*1000,"")) -> 835616.44 | R45: 3.92 | S45: =IF(COUNT(O45,P45)=0,"",IFERROR(O45*P45,"")) -> 4.0077 | T45: 94.8 | U45: =IF(COUNT(T45)=0,"",IFERROR(COS(T45/180*PI()),"")) -> -0.083677843 | V45: =IF(COUNT(S45,T45)=0,"",IFERROR(S45*COS(T45/360*2*3.14),"")) -> -0.33200572 | W45: =IF(COUNT(V45,M45)=0,"",IFERROR(1-V45/M45,"")) -> 1.0614825 | X45: -0.351 | Y45: -0.083 | Z45: =IFERROR(IF(OR(V45="",X45="",X45=0),"",(V45-X45)/X45*100),"") -> -5.4114769 | AA45: =IF(COUNT(AD45,AE45,AF45,AG45,AH45,AI45,AJ45,AK45,AL45,AC45)=0,"",IFERROR(SQRT(AD45^2+AE45^2+AF45^2+AG45^2+AH45^2+AI45^2+AJ45^2+AK45^2+AL45^2)/AC45,"")) | AB45: pulsed sine | AM45: 37 | AN45: stable | AO45: 1 | AR45: slightly more intense plasma
A46: BLOCK 4 | B46: 6 | C46: PULSE | D46: 3 | E46: 5 | F46: 1 | G46: 50 | H46: 10 | I46: 9.35 | J46: 4000 | K46: =IF(COUNT(J46,I46)=0,"",IFERROR(J46/1000/I46,"")) -> 0.42780749 | L46: 1.12 | M46: =IF(COUNT(H46,L46)=0,"",IFERROR(H46*L46,"")) -> 11.2 | N46: 10.38 | O46: 2.67 | P46: 3.47 | Q46: =IF(COUNT(O46,P46)=0,"",IFERROR(O46*1000/P46*1000,"")) -> 769452.45 | R46: 9.13 | S46: =IF(COUNT(O46,P46)=0,"",IFERROR(O46*P46,"")) -> 9.2649 | T46: 97.9 | U46: =IF(COUNT(T46)=0,"",IFERROR(COS(T46/180*PI()),"")) -> -0.13744455 | V46: =IF(COUNT(S46,T46)=0,"",IFERROR(S46*COS(T46/360*2*3.14),"")) -> -1.2654602 | W46: =IF(COUNT(V46,M46)=0,"",IFERROR(1-V46/M46,"")) -> 1.1129875 | X46: -1.26 | Y46: -0.136 | Z46: =IFERROR(IF(OR(V46="",X46="",X46=0),"",(V46-X46)/X46*100),"") -> 0.43334614 | AA46: =IF(COUNT(AD46,AE46,AF46,AG46,AH46,AI46,AJ46,AK46,AL46,AC46)=0,"",IFERROR(SQRT(AD46^2+AE46^2+AF46^2+AG46^2+AH46^2+AI46^2+AJ46^2+AK46^2+AL46^2)/AC46,"")) | AB46: pulsed sine | AM46: 42 | AN46: unstable | AO46: 1 | AR46: plasma and current drift

Sheet Exp 3 - Thermal_test
A1: BLOCK 1 — Thermal · stress point (high power) · 20 kHz · 7 V (2.39 A) · DC 100% · SQUARE
A2: Time (min) | B2: T_Transformer (°C) | C2: T_Heatsink (°C) | D2: T_Ambient (°C) | E2: Observations | F2: V_secondary_pp (kV) | G2: I_sec_RMS (mA) | H2: Phase Angle° | I2: Real Power_scope (W) | J2: P_input (W)
A3: 0 | B3: 27.7 | C3: 25 | D3: 25
A4: 1 | B4: 27.5 | C4: 49 | D4: 25
A5: 2 | B5: 28.5 | C5: 55 | D5: 25
A6: 3 | B6: 28.9 | C6: 57 | D6: 25
A7: 4 | B7: 30.1 | C7: 58 | D7: 25
A8: 5 | B8: 30.6 | C8: 57 | D8: 25
A9: 6 | B9: 31.1 | C9: 56 | D9: 25
A10: 7 | B10: 31.4 | C10: 55 | D10: 25
A11: 8 | B11: 32.3 | C11: 54 | D11: 25
A12: 9 | B12: 32.8 | C12: 54 | D12: 25
A13: 10 | B13: 33.4 | C13: 54 | D13: 25
A14: 11 | B14: 33.3 | C14: 54 | D14: 25
... A18: 15 | B18: 34.9 | C18: 55 | D18: 25
A20: Condition: | D20: Date: | F20: T amb (°C): | H20: RH (%):
A21: 20kHz
A22: 7V | B22: 2.39 A (reached within the first minute)
A23: SQUARE MODE
A24: current limit 3.3 A
A25: duty cycle 100%
A28: T_transformer: | B28: FLIR
A29: T_Heatsink: | B29: thermocouple + multimeter
A31: BLOCK 2 — Thermal · nominal point · 5 kHz · 6.3 V · DC 100% · SQUARE (same condition as Exp 4 Block B)
A32: Time (min) | B32: T_Transformer (°C) | C32: T_Heatsink (°C) | D32: T_Ambient (°C) | E32: Observations | F32: V_secondary_pp (kV) | G32: I_sec_RMS (mA) | H32: Phase Angle° | I32: Real Power_scope (W) | J32: P_input (W)
A33: 0 | B33: 30.2 | C33: 28 | D33: =$G$49 -> 27
A34: 1 | B34: 31.2 | C34: 36 | D34: =$G$49 -> 27 | F34: 7.26 | G34: 1.72 | H34: 79.5 | I34: 0.885 | J34: =6.3*1.2 -> 7.56
A35: 2 | B35: 31.1 | C35: 43 | D35: =$G$49 -> 27 | F35: 7.89 | G35: 2.01 | H35: 79.5 | I35: 1.08 | J35: =6.3*1.4 -> 8.82
A36: 3 | B36: 31 | C36: 46 | D36: =$G$49 -> 27 | F36: 8.05 | G36: 2.12 | H36: 79.7 | I36: 1.14 | J36: =6.3*1.5 -> 9.45
A37: 4 | B37: 31 | C37: 48 | D37: =$G$49 -> 27 | F37: 8.13 | G37: 2.19 | H37: 79.9 | I37: 1.18 | J37: =6.3*1.54 -> 9.702
A38: 5 | B38: 31.1 | C38: 49 | D38: =$G$49 -> 27 | F38: 8.13 | G38: 2.23 | H38: 80 | I38: 1.18 | J38: =6.3*1.58 -> 9.954
A39: 6 | B39: 30.6 | C39: 50 | D39: =$G$49 -> 27 | F39: 8.21 | G39: 2.25 | H39: 80.2 | I39: 1.19 | J39: =6.3*1.59 -> 10.017
A40: 7 | B40: 31.1 | C40: 50 | D40: =$G$49 -> 27 | F40: 8.21 | G40: 2.27 | H40: 80.2 | I40: 1.19 | J40: =6.3*1.61 -> 10.143
A41: 8 | B41: 32 | C41: 51 | D41: =$G$49 -> 27 | F41: 8.21 | G41: 2.29 | H41: 80.3 | I41: 1.19 | J41: =6.3*1.62 -> 10.206
A42: 9 | B42: 31.7 | C42: 51 | D42: =$G$49 -> 27 | F42: 8.29 | G42: 2.31 | H42: 80.3 | I42: 1.2 | J42: =1.63*6.3 -> 10.269
A43: 10 | B43: 31.6 | C43: 52 | D43: =$G$49 -> 27 | F43: 8.29 | G43: 2.31 | H43: 80.4 | I43: 1.2 | J43: =1.64*6.3 -> 10.332
A44: 11 | B44: 32.1 | C44: 51 | D44: =$G$49 -> 27 | F44: 8.29 | G44: 2.32 | H44: 80.4 | I44: 1.2 | J44: =1.64*6.3 -> 10.332
A45: 12 | B45: 32.1 | C45: 52 | D45: =$G$49 -> 27 | F45: 8.21 | G45: 2.34 | H45: 80.5 | I45: 1.21 | J45: =1.66*6.3 -> 10.458
A46: 13 | B46: 32.7 | C46: 52 | D46: =$G$49 -> 27 | F46: 8.29 | G46: 2.35 | H46: 80.5 | I46: 1.2 | J46: =1.66*6.3 -> 10.458
A47: 14 | B47: 32.7 | C47: 52 | D47: =$G$49 -> 27 | F47: 8.29 | G47: 2.35 | H47: 80.6 | I47: 1.2 | J47: =1.67*6.3 -> 10.521
A48: 15 | B48: 32.5 | C48: 52 | D48: =$G$49 -> 27 | F48: 8.21 | G48: 2.36 | H48: 80.6 | I48: 1.2 | J48: =1.68*6.3 -> 10.584
A49: Condition: | D49: Date: | E49: 46213 | F49: T amb (°C): | G49: 27 | H49: RH (%):
A50: 5kHz
A51: 6.3V
A52: SQUARE MODE
A53: current limit 3.3 A
A54: duty cycle 100%
A55: T_transformer: | B55: FLIR
A56: T_Heatsink: | B56: thermocouple + multimeter
A58: BLOCK 3 — Thermal · stress point (high power) · 10 kHz · 4 V (2.21 A max) · DC 100% · SQUARE
A59: Time (min) | B59: T_Transformer (°C) | C59: T_Heatsink (°C) | D59: T_Ambient (°C) | E59: Observations | F59: V_secondary_pp (kV) | G59: I_sec_RMS (mA) | H59: Phase Angle° | I59: Real Power_scope (W) | J59: P_input (W)
A60: 0 | B60: 29.7 | C60: 26 | D60: =$G$77 -> 26
A61: 1 | B61: 30.3 | C61: 37 | D61: =$G$77 -> 26 | F61: 3.74 | G61: 2.76 | H61: 74 | I61: 0.882 | J61: =1.36*4 -> 5.44
A62: 2 | B62: 29.7 | C62: 43 | D62: =$G$77 -> 26 | F62: 4.2 | G62: 3.24 | H62: 74.6 | I62: 1.18 | J62: =1.7*4 -> 6.8
A63: 3 | B63: 29.8 | C63: 46 | D63: =$G$77 -> 26 | F63: 4.39 | G63: 3.49 | H63: 74.4 | I63: 1.35 | J63: =1.9*4 -> 7.6
A64: 4 | B64: 29.8 | C64: 49 | D64: =$G$77 -> 26 | F64: 4.51 | G64: 3.62 | H64: 74.4 | I64: 1.43 | J64: =2*4 -> 8
A65: 5 | B65: 29.8 | C65: 51 | D65: =$G$77 -> 26 | F65: 4.63 | G65: 3.66 | H65: 74.3 | I65: 1.49 | J65: =2.08*4 -> 8.32
A66: 6 | B66: 30.1 | C66: 52 | D66: =$G$77 -> 26 | F66: 4.67 | G66: 3.7 | H66: 74.4 | I66: 1.51 | J66: =2.12*4 -> 8.48
A67: 7 | B67: 30.1 | C67: 53 | D67: =$G$77 -> 26 | F67: 4.67 | G67: 3.78 | H67: 74.6 | I67: 1.53 | J67: =2.15*4 -> 8.6
A68: 8 | B68: 30 | C68: 53 | D68: =$G$77 -> 26 | F68: 4.67 | G68: 3.79 | H68: 74.6 | I68: 1.54 | J68: =2.16*4 -> 8.64
A69: 9 | B69: 29.9 | C69: 54 | D69: =$G$77 -> 26 | F69: 4.74 | G69: 3.76 | H69: 74.4 | I69: 1.55 | J69: =2.18*4 -> 8.72
A70: 10 | B70: 30.2 | C70: 54 | D70: =$G$77 -> 26 | F70: 4.7 | G70: 3.78 | H70: 74.4 | I70: 1.56 | J70: =2.19*4 -> 8.76
A71: 11 | B71: 30.1 | C71: 54 | D71: =$G$77 -> 26 | F71: 4.7 | G71: 3.75 | H71: 74.3 | I71: 1.57 | J71: =2.2*4 -> 8.8
A72: 12 | B72: 30.5 | C72: 55 | D72: =$G$77 -> 26 | F72: 4.75 | G72: 3.82 | H72: 74.6 | I72: 1.57 | J72: =2.2*4 -> 8.8
A73: 13 | B73: 30.4 | C73: 54 | D73: =$G$77 -> 26 | F73: 4.75 | G73: 3.81 | H73: 74.7 | I73: 1.55 | J73: =2.21*4 -> 8.84
A74: 14 | B74: 30.7 | C74: 54 | D74: =$G$77 -> 26 | F74: 4.67 | G74: 3.78 | H74: 74.5 | I74: 1.55 | J74: =2.21*4 -> 8.84
A75: 15 | B75: 30.6 | C75: 54 | D75: =$G$77 -> 26 | F75: 4.7 | G75: 3.79 | H75: 74.5 | I75: 1.56 | J75: =2.21*4 -> 8.84
A77: Condition: | D77: Date: | E77: 46213 | F77: T amb (°C): | G77: 26 | H77: RH (%):
A78: 10kHz
A79: 4V | B79: 2.21 A max
A80: SQUARE MODE
A81: current limit 3.3 A
A82: duty cycle 100%
A85: T_transformer: | B85: FLIR
A86: T_Heatsink: | B86: thermocouple + multimeter

Sheet Exp 4 - Reproducibility
A1: BLOCK A — Ignition-threshold repeatability · 5 kHz · SQUARE · DC 100% (5 trials, cold restart between trials)
A2: Trial # | B2: V_Buck_ignition (V) | C2: V_secondary_pp_ignition (kV) | D2: Z_before_ignition (MΩ) | E2: Z_after_ignition (MΩ) | H2: T_MOSFET (°C) | I2: Observations
A3: 1 | B3: 3.4 | C3: 4.66 | D3: 2.47 | E3: 2.3 | H3: 29 | I3: clear ignition
A4: 2 | B4: 3.4 | C4: 4.66 | D4: 2.5 | E4: 2.3 | H4: 29 | I4: clear ignition
A5: 3 | B5: 3.3 | C5: 4.66 | D5: 2.4 | E5: 2.38 | H5: 28 | I5: faint ignition
A6: 4 | B6: 3.28 | C6: 4.66 | D6: 2.52 | E6: 2.33 | H6: 33 | I6: faint ignition
A7: 5 | B7: 3.18 | C7: 4.5 | D7: 2.45 | E7: 2.39 | H7: 29 | I7: perceptible ignition
B8: Moyenne | C8: Moyenne
A9: Mean V_Buck (V) | B9: =IF(COUNT(B3:B7)=0,"",IFERROR(AVERAGE(B3:B7),"")) -> 3.312 | C9: =IF(COUNT(C3:C7)=0,"",IFERROR(AVERAGE(C3:C7),"")) -> 4.628
A10: Std dev V_Buck | B10: =IF(COUNT(B3:B7)<2,"",IFERROR(STDEV(B3:B7),"")) -> 0.092303846 | C10: =IF(COUNT(C3:C7)<2,"",IFERROR(STDEV(C3:C7),"")) -> 0.071554175
A11: CV V_Buck (%) | B11: =IF(COUNT(B3:B7)<2,"",IFERROR(B10/B9*100,"")) -> 2.7869519 | C11: =IF(COUNT(C3:C7)<2,"",IFERROR(C10/C9*100,"")) -> 1.5461144
A14: BLOCK B — Stable-point repeatability · 5 kHz · 6.3 V · SQUARE · DC 100% (= Exp 2.1 Block 1 step 7) (5 runs × 3 measurements)
A15: Run # | B15: V_sec_1 (kV) | C15: V_sec_2 (kV) | D15: V_sec_3 (kV) | E15: Mean (kV) | F15: Std dev | G15: CV (%) | H15: T_MOSFET (°C) | I15: Notes | J15: Real Power_scope_1 (W) | K15: Real Power_scope_2 (W) | L15: Real Power_scope_3 (W) | M15: Mean P (W) | N15: Std dev P | O15: CV_P (%)
A16: 1 | B16: 7.66 | C16: 7.97 | D16: 8.13 | E16: =IF(COUNT(B16:D16)=0,"",IFERROR(AVERAGE(B16:D16),"")) -> 7.92 | F16: =IF(COUNT(B16:D16)<2,"",IFERROR(STDEV(B16:D16),"")) -> 0.23895606 | G16: =IF(COUNT(B16:D16)<2,"",IFERROR(F16/E16*100,"")) -> 3.017122 | H16: 50 | J16: 0.98 | K16: 1.14 | L16: 1.18 | M16: =IF(COUNT(J16:L16)=0,"",IFERROR(AVERAGE(J16:L16),"")) -> 1.1 | N16: =IF(COUNT(J16:L16)<2,"",IFERROR(STDEV(J16:L16),"")) -> 0.10583005 | O16: =IF(COUNT(J16:L16)<2,"",IFERROR(N16/M16*100,"")) -> 9.6209139
A17: 2 | B17: 7.26 | C17: 7.82 | D17: 8.06 | E17: =IF(COUNT(B17:D17)=0,"",IFERROR(AVERAGE(B17:D17),"")) -> 7.7133333 | F17: =IF(COUNT(B17:D17)<2,"",IFERROR(STDEV(B17:D17),"")) -> 0.41052812 | G17: =IF(COUNT(B17:D17)<2,"",IFERROR(F17/E17*100,"")) -> 5.3223178 | H17: 52 | J17: 0.853 | K17: 1.07 | L17: 1.16 | M17: =IF(COUNT(J17:L17)=0,"",IFERROR(AVERAGE(J17:L17),"")) -> 1.0276667 | N17: =IF(COUNT(J17:L17)<2,"",IFERROR(STDEV(J17:L17),"")) -> 0.15781741 | O17: =IF(COUNT(J17:L17)<2,"",IFERROR(N17/M17*100,"")) -> 15.356867
A18: 3 | B18: 7.42 | C18: 7.89 | D18: 8.13 | E18: =IF(COUNT(B18:D18)=0,"",IFERROR(AVERAGE(B18:D18),"")) -> 7.8133333 | F18: =IF(COUNT(B18:D18)<2,"",IFERROR(STDEV(B18:D18),"")) -> 0.36115555 | G18: =IF(COUNT(B18:D18)<2,"",IFERROR(F18/E18*100,"")) -> 4.622298 | H18: 51 | J18: 0.915 | K18: 1.07 | L18: 1.16 | M18: =IF(COUNT(J18:L18)=0,"",IFERROR(AVERAGE(J18:L18),"")) -> 1.0483333 | N18: =IF(COUNT(J18:L18)<2,"",IFERROR(STDEV(J18:L18),"")) -> 0.12392874 | O18: =IF(COUNT(J18:L18)<2,"",IFERROR(N18/M18*100,"")) -> 11.821502
A19: 4 | B19: 7.26 | C19: 7.89 | D19: 8.08 | E19: =IF(COUNT(B19:D19)=0,"",IFERROR(AVERAGE(B19:D19),"")) -> 7.7433333 | F19: =IF(COUNT(B19:D19)<2,"",IFERROR(STDEV(B19:D19),"")) -> 0.42922411 | G19: =IF(COUNT(B19:D19)<2,"",IFERROR(F19/E19*100,"")) -> 5.5431439 | H19: 50 | J19: 0.869 | K19: 1.08 | L19: 1.17 | M19: =IF(COUNT(J19:L19)=0,"",IFERROR(AVERAGE(J19:L19),"")) -> 1.0396667 | N19: =IF(COUNT(J19:L19)<2,"",IFERROR(STDEV(J19:L19),"")) -> 0.15450027 | O19: =IF(COUNT(J19:L19)<2,"",IFERROR(N19/M19*100,"")) -> 14.860558
A20: 5 | B20: 7.26 | C20: 7.89 | D20: 8.13 | E20: =IF(COUNT(B20:D20)=0,"",IFERROR(AVERAGE(B20:D20),"")) -> 7.76 | F20: =IF(COUNT(B20:D20)<2,"",IFERROR(STDEV(B20:D20),"")) -> 0.44933284 | G20: =IF(COUNT(B20:D20)<2,"",IFERROR(F20/E20*100,"")) -> 5.7903716 | H20: 49 | J20: 0.86 | K20: 1.06 | L20: 1.15 | M20: =IF(COUNT(J20:L20)=0,"",IFERROR(AVERAGE(J20:L20),"")) -> 1.0233333 | N20: =IF(COUNT(J20:L20)<2,"",IFERROR(STDEV(J20:L20),"")) -> 0.14843629 | O20: =IF(COUNT(J20:L20)<2,"",IFERROR(N20/M20*100,"")) -> 14.505175
A22: STAT | E22: =IF(COUNT(E16:E20)=0,"",IFERROR(AVERAGE(E16:E20),"")) -> 7.79 | F22: =IF(COUNT(E16:E20)=0,"",IFERROR(STDEV(E16:E20),"")) -> 0.081240384 | G22: =IF(COUNT(F22,E22)=0,"",IFERROR((F22/E22)*100,"")) -> 1.0428804 | M22: =IF(COUNT(M16:M20)=0,"",IFERROR(AVERAGE(M16:M20),"")) -> 1.0478 | N22: =IF(COUNT(M16:M20)=0,"",IFERROR(STDEV(M16:M20),"")) -> 0.030802778 | O22: =IF(COUNT(N22,M22)=0,"",IFERROR((N22/M22)*100,"")) -> 2.9397574

Sheet Data_consolidated
A1: Consolidated data — one row per step (formulas linked to the experiment sheets)
A2: Exp | B2: Block | C2: Mode | D2: Turns/br | E2: Freq (kHz) | F2: Duty (%) | G2: V_buck setpoint (V) | H2: V_buck_avg (V) | I2: I_prim (A) | J2: P_input (W) | K2: V_sec_pp (kV) | L2: V_sec_RMS (kV) | M2: I_sec_RMS (mA) | N2: P_apparent (VA) | O2: Power factor | P2: P_real (W) | Q2: P_real_scope (W) | R2: Efficiency (%) | S2: THD (%) | T2: T_MOSFET (°C) | U2: Plasma state | V2: ±V_sec (kV) | W2: ±P_real (W) | X2: Consistency | Y2: Observations
A3: Exp 1 | B3: ='Exp 1 - Probe_Characterization'!A5 -> BLOCK 1 | C3: ='Exp 1 - Probe_Characterization'!C5 -> SQUARE | D3: ='Exp 1 - Probe_Characterization'!D5 -> 0 | E3: ='Exp 1 - Probe_Characterization'!E5 -> 20 | F3: ='Exp 1 - Probe_Characterization'!G5 -> 100 | G3: ='Exp 1 - Probe_Characterization'!H5 -> 1 | H3: ='Exp 1 - Probe_Characterization'!I5 -> 0.988 | I3: ='Exp 1 - Probe_Characterization'!L5 -> 0.38 | J3: ='Exp 1 - Probe_Characterization'!M5 -> 0.38 | K3: ='Exp 1 - Probe_Characterization'!N5 -> 1.68 | L3: ='Exp 1 - Probe_Characterization'!O5 -> 0.549 | M3: ='Exp 1 - Probe_Characterization'!P5 -> 0.661 | N3: ='Exp 1 - Probe_Characterization'!S5 -> 0.362889 | O3: ='Exp 1 - Probe_Characterization'!U5 -> 0.29404033 | P3: ='Exp 1 - Probe_Characterization'!V5 -> 0.1069277 | Q3: ='Exp 1 - Probe_Characterization'!X5 -> 0 | R3: =IFERROR(IF(OR($J3="",$P3="",$J3=0),"",$P3/$J3*100),"") -> 28.138869 | S3: ='Exp 1 - Probe_Characterization'!AA5 -> 0.11278756 | T3: ='Exp 1 - Probe_Characterization'!AM5 -> 26 | U3: ='Exp 1 - Probe_Characterization'!AO5 -> 0 | V3: =IF($L3="","",$L3*Equipment!$B$16/100) -> 0.01647 | W3: =IF($P3="","",$P3*Equipment!$B$19/100) -> 0.0064156621 | X3: =IF(R3="","",IF(OR(R3>105,R3<-5),"⚠ suspect (déphasage/deskew probable)",IF(R3>90,"△ à surveiller (>90%)","ok"))) -> ok | Y3: ='Exp 1 - Probe_Characterization'!AR5 -> 0
A4: Exp 1 | B4: ='Exp 1 - Probe_Characterization'!A6 -> BLOCK 1 | C4: ='Exp 1 - Probe_Characterization'!C6 -> SQUARE | D4: ='Exp 1 - Probe_Characterization'!D6 -> 0 | E4: ='Exp 1 - Probe_Characterization'!E6 -> 20 | F4: ='Exp 1 - Probe_Characterization'!G6 -> 100 | G4: ='Exp 1 - Probe_Characterization'!H6 -> 2 | H4: ='Exp 1 - Probe_Characterization'!I6 -> 2 | I4: ='Exp 1 - Probe_Characterization'!L6 -> 0.55 | J4: ='Exp 1 - Probe_Characterization'!M6 -> 1.1 | K4: ='Exp 1 - Probe_Characterization'!N6 -> 2.43 | L4: ='Exp 1 - Probe_Characterization'!O6 -> 0.757 | M4: ='Exp 1 - Probe_Characterization'!P6 -> 0.912 | N4: ='Exp 1 - Probe_Characterization'!S6 -> 0.690384 | O4: ='Exp 1 - Probe_Characterization'!U6 -> 0.27731465 | P4: ='Exp 1 - Probe_Characterization'!V6 -> 0.19188728 | Q4: ='Exp 1 - Probe_Characterization'!X6 -> 0 | R4: =IFERROR(IF(OR($J4="",$P4="",$J4=0),"",$P4/$J4*100),"") -> 17.444298 | S4: ='Exp 1 - Probe_Characterization'!AA6 -> 0.10703822 | T4: ='Exp 1 - Probe_Characterization'!AM6 -> 30 | U4: ='Exp 1 - Probe_Characterization'!AO6 -> 0 | V4: =IF($L4="","",$L4*Equipment!$B$16/100) -> 0.02271 | W4: =IF($P4="","",$P4*Equipment!$B$19/100) -> 0.011513237 | X4: =IF(R4="","",IF(OR(R4>105,R4<-5),"⚠ suspect (déphasage/deskew probable)",IF(R4>90,"△ à surveiller (>90%)","ok"))) -> ok | Y4: ='Exp 1 - Probe_Characterization'!AR6 -> 0
A5: Exp 1 | B5: ='Exp 1 - Probe_Characterization'!A7 -> BLOCK 1 | C5: ='Exp 1 - Probe_Characterization'!C7 -> SQUARE | D5: ='Exp 1 - Probe_Characterization'!D7 -> 0 | E5: ='Exp 1 - Probe_Characterization'!E7 -> 20 | F5: ='Exp 1 - Probe_Characterization'!G7 -> 100 | G5: ='Exp 1 - Probe_Characterization'!H7 -> 3 | H5: ='Exp 1 - Probe_Characterization'!I7 -> 2.99 | I5: ='Exp 1 - Probe_Characterization'!L7 -> 0.75 | J5: ='Exp 1 - Probe_Characterization'!M7 -> 2.25 | K5: ='Exp 1 - Probe_Characterization'!N7 -> 3.38 | L5: ='Exp 1 - Probe_Characterization'!O7 -> 1.08 | M5: ='Exp 1 - Probe_Characterization'!P7 -> 1.32 | N5: ='Exp 1 - Probe_Characterization'!S7 -> 1.4256 | O5: ='Exp 1 - Probe_Characterization'!U7 -> 0.28401534 | P5: ='Exp 1 - Probe_Characterization'!V7 -> 0.40578113 | Q5: ='Exp 1 - Probe_Characterization'!X7 -> 0 | R5: =IFERROR(IF(OR($J5="",$P5="",$J5=0),"",$P5/$J5*100),"") -> 18.034717 | S5: ='Exp 1 - Probe_Characterization'!AA7 -> 0.13592899 | T5: ='Exp 1 - Probe_Characterization'!AM7 -> 35 | U5: ='Exp 1 - Probe_Characterization'!AO7 -> 0 | V5: =IF($L5="","",$L5*Equipment!$B$16/100) -> 0.0324 | W5: =IF($P5="","",$P5*Equipment!$B$19/100) -> 0.024346868 | X5: =IF(R5="","",IF(OR(R5>105,R5<-5),"⚠ suspect (déphasage/deskew probable)",IF(R5>90,"△ à surveiller (>90%)","ok"))) -> ok | Y5: ='Exp 1 - Probe_Characterization'!AR7 -> 0
A6: Exp 1 | B6: ='Exp 1 - Probe_Characterization'!A8 -> BLOCK 1 | C6: ='Exp 1 - Probe_Characterization'!C8 -> SQUARE | D6: ='Exp 1 - Probe_Characterization'!D8 -> 0 | E6: ='Exp 1 - Probe_Characterization'!E8 -> 20 | F6: ='Exp 1 - Probe_Characterization'!G8 -> 100 | G6: ='Exp 1 - Probe_Characterization'!H8 -> 4 | H6: ='Exp 1 - Probe_Characterization'!I8 -> 3.97 | I6: ='Exp 1 - Probe_Characterization'!L8 -> 1.69 | J6: ='Exp 1 - Probe_Characterization'!M8 -> 6.76 | K6: ='Exp 1 - Probe_Characterization'!N8 -> 8.15 | L6: ='Exp 1 - Probe_Characterization'!O8 -> 2.69 | M6: ='Exp 1 - Probe_Characterization'!P8 -> 3.25 | N6: ='Exp 1 - Probe_Characterization'!S8 -> 8.7425 | O6: ='Exp 1 - Probe_Characterization'!U8 -> 0.26891982 | P6: ='Exp 1 - Probe_Characterization'!V8 -> 2.3565742 | Q6: ='Exp 1 - Probe_Characterization'!X8 -> 0 | R6: =IFERROR(IF(OR($J6="",$P6="",$J6=0),"",$P6/$J6*100),"") -> 34.860565 | S6: ='Exp 1 - Probe_Characterization'!AA8 -> 0.12712097 | T6: ='Exp 1 - Probe_Characterization'!AM8 -> 47 | U6: ='Exp 1 - Probe_Characterization'!AO8 -> 0 | V6: =IF($L6="","",$L6*Equipment!$B$16/100) -> 0.0807 | W6: =IF($P6="","",$P6*Equipment!$B$19/100) -> 0.14139445 | X6: =IF(R6="","",IF(OR(R6>105,R6<-5),"⚠ suspect (déphasage/deskew probable)",IF(R6>90,"△ à surveiller (>90%)","ok"))) -> ok | Y6: ='Exp 1 - Probe_Characterization'!AR8 -> 0
A7: Exp 1 | B7: ='Exp 1 - Probe_Characterization'!A9 -> BLOCK 1 | C7: ='Exp 1 - Probe_Characterization'!C9 -> SQUARE | D7: ='Exp 1 - Probe_Characterization'!D9 -> 0 | E7: ='Exp 1 - Probe_Characterization'!E9 -> 20 | F7: ='Exp 1 - Probe_Characterization'!G9 -> 100 | G7: ='Exp 1 - Probe_Characterization'!H9 -> 5 | H7: ='Exp 1 - Probe_Characterization'!I9 -> 4.85 | I7: ='Exp 1 - Probe_Characterization'!L9 -> 2.16 | J7: ='Exp 1 - Probe_Characterization'!M9 -> 10.8 | K7: ='Exp 1 - Probe_Characterization'!N9 -> 11.45 | L7: ='Exp 1 - Probe_Characterization'!O9 -> 4.06 | M7: ='Exp 1 - Probe_Characterization'!P9 -> 4.78 | N7: ='Exp 1 - Probe_Characterization'!S9 -> 19.4068 | O7: ='Exp 1 - Probe_Characterization'!U9 -> 0.28066671 | P7: ='Exp 1 - Probe_Characterization'!V9 -> 5.4589881 | Q7: ='Exp 1 - Probe_Characterization'!X9 -> 0 | R7: =IFERROR(IF(OR($J7="",$P7="",$J7=0),"",$P7/$J7*100),"") -> 50.546186 | S7: ='Exp 1 - Probe_Characterization'!AA9 -> 0.091097888 | T7: ='Exp 1 - Probe_Characterization'!AM9 -> 52 | U7: ='Exp 1 - Probe_Characterization'!AO9 -> 0 | V7: =IF($L7="","",$L7*Equipment!$B$16/100) -> 0.1218 | W7: =IF($P7="","",$P7*Equipment!$B$19/100) -> 0.32753929 | X7: =IF(R7="","",IF(OR(R7>105,R7<-5),"⚠ suspect (déphasage/deskew probable)",IF(R7>90,"△ à surveiller (>90%)","ok"))) -> ok | Y7: ='Exp 1 - Probe_Characterization'!AR9 -> 0
A8: Exp 1 | B8: ='Exp 1 - Probe_Characterization'!A10 -> BLOCK 1 | C8: ='Exp 1 - Probe_Characterization'!C10 -> SQUARE | D8: ='Exp 1 - Probe_Characterization'!D10 -> 0 | E8: ='Exp 1 - Probe_Characterization'!E10 -> 20 | F8: ='Exp 1 - Probe_Characterization'!G10 -> 100 | G8: ='Exp 1 - Probe_Characterization'!H10 -> 6 | H8: ='Exp 1 - Probe_Characterization'!I10 -> 5.86 | I8: ='Exp 1 - Probe_Characterization'!L10 -> 2.23 | J8: ='Exp 1 - Probe_Characterization'!M10 -> 13.38 | K8: ='Exp 1 - Probe_Characterization'!N10 -> 14.45 | L8: ='Exp 1 - Probe_Characterization'!O10 -> 5.14 | M8: ='Exp 1 - Probe_Characterization'!P10 -> 5.97 | N8: ='Exp 1 - Probe_Characterization'!S10 -> 30.6858 | O8: ='Exp 1 - Probe_Characterization'!U10 -> 0.29570805 | P8: ='Exp 1 - Probe_Characterization'!V10 -> 9.0929182 | Q8: ='Exp 1 - Probe_Characterization'!X10 -> 0 | R8: =IFERROR(IF(OR($J8="",$P8="",$J8=0),"",$P8/$J8*100),"") -> 67.95903 | S8: ='Exp 1 - Probe_Characterization'!AA10 -> 0.082528204 | T8: ='Exp 1 - Probe_Characterization'!AM10 -> 52 | U8: ='Exp 1 - Probe_Characterization'!AO10 -> 0 | V8: =IF($L8="","",$L8*Equipment!$B$16/100) -> 0.1542 | W8: =IF($P8="","",$P8*Equipment!$B$19/100) -> 0.54557509 | X8: =IF(R8="","",IF(OR(R8>105,R8<-5),"⚠ suspect (déphasage/deskew probable)",IF(R8>90,"△ à surveiller (>90%)","ok"))) -> ok | Y8: ='Exp 1 - Probe_Characterization'!AR10 -> 0
A9: Exp 1 | B9: ='Exp 1 - Probe_Characterization'!A11 -> BLOCK 1 | C9: ='Exp 1 - Probe_Characterization'!C11 -> SQUARE | D9: ='Exp 1 - Probe_Characterization'!D11 -> 0 | E9: ='Exp 1 - Probe_Characterization'!E11 -> 20 | F9: ='Exp 1 - Probe_Characterization'!G11 -> 100 | G9: ='Exp 1 - Probe_Characterization'!H11 -> 7 | H9: ='Exp 1 - Probe_Characterization'!I11 -> 6.68 | I9: ='Exp 1 - Probe_Characterization'!L11 -> 2.29 | J9: ='Exp 1 - Probe_Characterization'!M11 -> 16.03 | K9: ='Exp 1 - Probe_Characterization'!N11 -> 16.44 | L9: ='Exp 1 - Probe_Characterization'!O11 -> 5.91 | M9: ='Exp 1 - Probe_Characterization'!P11 -> 6.97 | N9: ='Exp 1 - Probe_Characterization'!S11 -> 41.1927 | O9: ='Exp 1 - Probe_Characterization'!U11 -> 0.3007058 | P9: ='Exp 1 - Probe_Characterization'!V11 -> 12.412083 | Q9: ='Exp 1 - Probe_Characterization'!X11 -> 0 | R9: =IFERROR(IF(OR($J9="",$P9="",$J9=0),"",$P9/$J9*100),"") -> 77.430335 | S9: ='Exp 1 - Probe_Characterization'!AA11 -> 0.091291697 | T9: ='Exp 1 - Probe_Characterization'!AM11 -> 52 | U9: ='Exp 1 - Probe_Characterization'!AO11 -> 0 | V9: =IF($L9="","",$L9*Equipment!$B$16/100) -> 0.1773 | W9: =IF($P9="","",$P9*Equipment!$B$19/100) -> 0.74472496 | X9: =IF(R9="","",IF(OR(R9>105,R9<-5),"⚠ suspect (déphasage/deskew probable)",IF(R9>90,"△ à surveiller (>90%)","ok"))) -> ok | Y9: ='Exp 1 - Probe_Characterization'!AR11 -> 0
